Top pages,Clicks,Impressions,CTR,Position
https://thevalleycleanteam.com/,126,13775,0.91%,28.52
https://thevalleycleanteam.com/blog/house-cleaning-cost-alabama,40,4849,0.82%,20.55
https://thevalleycleanteam.com/blog/house-cleaning-cost-nashville-tn,24,3649,0.66%,23.1
https://thevalleycleanteam.com/locations/birmingham,8,4576,0.17%,28.99
https://thevalleycleanteam.com/locations/nashville,7,895,0.78%,27.2
https://thevalleycleanteam.com/blog/house-cleaning-cost-huntsville-al,7,316,2.22%,13.08
https://thevalleycleanteam.com/blog/house-cleaning-cost-birmingham-al,6,444,1.35%,5.47
https://thevalleycleanteam.com/blog/embarrassed-to-have-people-over,6,174,3.45%,6.18
https://thevalleycleanteam.com/booking/,4,495,0.81%,32.93
https://thevalleycleanteam.com/locations/nashville/green-hills,4,432,0.93%,32.49
https://thevalleycleanteam.com/blog/why-your-home-never-stays-clean,4,353,1.13%,9.54
https://thevalleycleanteam.com/services/,4,279,1.43%,28.29
https://thevalleycleanteam.com/nashville-tn/,4,116,3.45%,38.96
https://thevalleycleanteam.com/services/airbnb-cleaning,3,6899,0.04%,44.74
https://thevalleycleanteam.com/contact/,3,208,1.44%,33.14
https://thevalleycleanteam.com/customer-login/,3,106,2.83%,3.76
https://thevalleycleanteam.com/blog/what-to-expect-first-cleaning,3,63,4.76%,9.27
https://thevalleycleanteam.com/locations/huntsville,2,2080,0.1%,37.67
https://thevalleycleanteam.com/services/post-construction-cleaning,2,1637,0.12%,55.78
https://thevalleycleanteam.com/locations/athens,2,1187,0.17%,14.58
https://thevalleycleanteam.com/locations/west-nashville,2,986,0.2%,32.66
https://thevalleycleanteam.com/blog/new-year-fresh-start-cleaning,2,295,0.68%,20.51
https://thevalleycleanteam.com/locations/nashville/move-out-cleaning,2,291,0.69%,14.2
https://thevalleycleanteam.com/services,2,272,0.74%,21.35
https://thevalleycleanteam.com/locations/muscle-shoals/deep-cleaning,2,219,0.91%,29.62
https://thevalleycleanteam.com/locations/huntsville/post-construction-cleaning,2,218,0.92%,6.65
https://thevalleycleanteam.com/locations/nashville/same-day-cleaning,2,187,1.07%,32.84
https://thevalleycleanteam.com/locations/birmingham/post-construction-cleaning,2,175,1.14%,45.61
https://thevalleycleanteam.com/about,2,159,1.26%,6.89
https://thevalleycleanteam.com/florence-cleaning,2,110,1.82%,16.42
https://thevalleycleanteam.com/locations/huntsville/airbnb-cleaning,2,67,2.99%,8.45
https://thevalleycleanteam.com/blog/house-cleaning-cost-athens-al,2,44,4.55%,9.02
https://thevalleycleanteam.com/locations/florence/move-out-cleaning,2,13,15.38%,7.85
https://thevalleycleanteam.com/locations/nashville/airbnb-cleaning,1,1204,0.08%,9.33
https://thevalleycleanteam.com/huntsville-cleaning,1,772,0.13%,35.43
https://thevalleycleanteam.com/locations/mountain-brook,1,695,0.14%,32.78
https://thevalleycleanteam.com/locations/nashville/recurring-maid-service,1,342,0.29%,18.55
https://thevalleycleanteam.com/contact,1,275,0.36%,27.68
https://thevalleycleanteam.com/blog/reliable-cleaning-company-birmingham-al,1,270,0.37%,30.5
https://thevalleycleanteam.com/locations/birmingham/,1,250,0.4%,37.87
https://thevalleycleanteam.com/locations/birmingham/commercial-cleaning,1,221,0.45%,27.12
https://thevalleycleanteam.com/booking,1,170,0.59%,36.77
https://thevalleycleanteam.com/locations/nashville/event-cleaning,1,160,0.62%,6.72
https://thevalleycleanteam.com/blog/commercial-cleaning-nashville-tn,1,159,0.63%,37.46
https://thevalleycleanteam.com/locations/huntsville/meridianville,1,154,0.65%,9.82
https://thevalleycleanteam.com/locations/nashville/post-construction-cleaning,1,141,0.71%,13.23
https://thevalleycleanteam.com/what-we-clean/,1,130,0.77%,6.1
https://thevalleycleanteam.com/locations/madison/providence,1,112,0.89%,6.46
https://thevalleycleanteam.com/locations/decatur/post-construction-cleaning,1,112,0.89%,32.08
https://thevalleycleanteam.com/locations/muscle-shoals/rogersville,1,102,0.98%,11.49
https://thevalleycleanteam.com/locations/muscle-shoals/,1,100,1%,22
https://thevalleycleanteam.com/services/move-in-out-cleaning,1,87,1.15%,10.44
https://thevalleycleanteam.com/locations/huntsville/event-cleaning,1,85,1.18%,44.92
https://thevalleycleanteam.com/blog/move-out-cleaning-huntsville-al,1,79,1.27%,34.09
https://thevalleycleanteam.com/locations/birmingham/green-cleaning,1,63,1.59%,14.43
https://thevalleycleanteam.com/blog/house-cleaning-cost-florence-al,1,60,1.67%,7.82
https://thevalleycleanteam.com/locations/west-nashville/deep-cleaning,1,57,1.75%,12.44
https://thevalleycleanteam.com/locations/madison/deep-cleaning,1,57,1.75%,24.81
https://thevalleycleanteam.com/blog/why-cleaning-services-disappoint,1,55,1.82%,6.89
https://thevalleycleanteam.com/luxury-cleaning-services-blog/,1,50,2%,3.46
https://thevalleycleanteam.com/locations/athens/green-cleaning,1,46,2.17%,18.74
https://thevalleycleanteam.com/locations/madison/post-construction-cleaning,1,46,2.17%,26.43
https://thevalleycleanteam.com/event-cleaning,1,45,2.22%,20.2
https://thevalleycleanteam.com/locations/decatur/move-out-cleaning,1,44,2.27%,23.32
https://thevalleycleanteam.com/blog/reliable-cleaning-company-florence-al,1,43,2.33%,18.7
https://thevalleycleanteam.com/locations/birmingham/dental-office-cleaning,1,43,2.33%,53.56
https://thevalleycleanteam.com/locations/morgan-county,1,42,2.38%,11.64
https://thevalleycleanteam.com/locations/athens/move-out-cleaning,1,21,4.76%,9.86
https://thevalleycleanteam.com/locations/muscle-shoals/una-area,1,16,6.25%,29.94
https://thevalleycleanteam.com/locations/muscle-shoals/recurring-maid-service,1,13,7.69%,13.92
https://thevalleycleanteam.com/locations/mountain-brook/retail-cleaning,1,1,100%,1
https://thevalleycleanteam.com/services/event-cleaning,0,1021,0%,32.14
https://thevalleycleanteam.com/nashville-cleaning,0,868,0%,40.87
https://thevalleycleanteam.com/locations/west-nashville/airbnb-cleaning,0,797,0%,7.35
https://thevalleycleanteam.com/locations/madison,0,689,0%,17.46
https://thevalleycleanteam.com/locations/muscle-shoals,0,533,0%,29.78
https://thevalleycleanteam.com/locations/decatur,0,502,0%,12.62
https://thevalleycleanteam.com/locations/nashville/medical-office-cleaning,0,494,0%,14.99
https://thevalleycleanteam.com/locations/nashville/weekly-cleaning,0,462,0%,18.01
https://thevalleycleanteam.com/airbnb-cleaning,0,417,0%,48.75
https://thevalleycleanteam.com/locations/florence,0,387,0%,17.61
https://thevalleycleanteam.com/locations/huntsville/medical-office-cleaning,0,341,0%,17.94
https://thevalleycleanteam.com/locations/nashville/office-cleaning,0,292,0%,31.87
https://thevalleycleanteam.com/locations/huntsville/office-cleaning,0,279,0%,20.44
https://thevalleycleanteam.com/locations/huntsville/weekly-cleaning,0,273,0%,27.9
https://thevalleycleanteam.com/blog/construction-dust-destroying-home,0,266,0%,25.97
https://thevalleycleanteam.com/locations/huntsville/dental-office-cleaning,0,257,0%,34.64
https://thevalleycleanteam.com/blog/move-out-cleaning-nashville-tn,0,251,0%,18.49
https://thevalleycleanteam.com/services/commercial-cleaning,0,249,0%,35.29
https://thevalleycleanteam.com/locations/birmingham/office-cleaning,0,246,0%,16.21
https://thevalleycleanteam.com/locations/birmingham/move-out-cleaning,0,232,0%,13.9
https://thevalleycleanteam.com/locations/decatur/same-day-cleaning,0,222,0%,30.09
https://thevalleycleanteam.com/locations/athens/medical-office-cleaning,0,215,0%,60.97
https://thevalleycleanteam.com/locations/athens/elkmont,0,212,0%,4.23
https://thevalleycleanteam.com/locations/nashville/biweekly-cleaning,0,212,0%,23.49
https://thevalleycleanteam.com/locations/florence/medical-office-cleaning,0,200,0%,47.23
https://thevalleycleanteam.com/huntsville-weekly-cleaning,0,194,0%,20.89
https://thevalleycleanteam.com/locations/decatur/office-cleaning,0,192,0%,17.46
https://thevalleycleanteam.com/locations/huntsville/same-day-cleaning,0,192,0%,38.31
https://thevalleycleanteam.com/locations/muscle-shoals/sheffield,0,184,0%,20.32
https://thevalleycleanteam.com/locations/birmingham/medical-office-cleaning,0,180,0%,9.72
https://thevalleycleanteam.com/blog/commercial-cleaning-huntsville-al,0,180,0%,23.82
https://thevalleycleanteam.com/blog/reliable-cleaning-company-nashville-tn,0,176,0%,43.8
https://thevalleycleanteam.com/belle-meade-house-cleaning,0,172,0%,11.45
https://thevalleycleanteam.com/locations/west-nashville/post-construction-cleaning,0,168,0%,14.22
https://thevalleycleanteam.com/locations/mountain-brook/luxury-cleaning,0,167,0%,12.07
https://thevalleycleanteam.com/services/regular-cleaning,0,154,0%,23.66
https://thevalleycleanteam.com/locations/nashville/green-cleaning,0,153,0%,10.42
https://thevalleycleanteam.com/locations/huntsville/blossomwood,0,147,0%,3.43
https://thevalleycleanteam.com/locations,0,146,0%,18.14
https://thevalleycleanteam.com/services/deep-cleaning,0,146,0%,22.05
https://thevalleycleanteam.com/hampton-cove-house-cleaning,0,135,0%,4.27
https://thevalleycleanteam.com/locations/huntsville/jones-valley,0,132,0%,5.87
https://thevalleycleanteam.com/locations/nashville/belle-meade,0,132,0%,21.69
https://thevalleycleanteam.com/locations/muscle-shoals/anderson,0,132,0%,29.08
https://thevalleycleanteam.com/limestone-county-house-cleaning,0,131,0%,77.18
https://thevalleycleanteam.com/locations/huntsville/monte-sano,0,124,0%,2.47
https://thevalleycleanteam.com/services/green-cleaning,0,124,0%,12.63
https://thevalleycleanteam.com/tanner-elkmont-house-cleaning,0,123,0%,9.22
https://thevalleycleanteam.com/athens-cleaning,0,123,0%,15.28
https://thevalleycleanteam.com/locations/huntsville/hampton-cove,0,123,0%,16.85
https://thevalleycleanteam.com/locations/madison-county,0,123,0%,22.76
https://thevalleycleanteam.com/blog/why-youre-always-exhausted,0,120,0%,4.64
https://thevalleycleanteam.com/birmingham-cleaning,0,120,0%,27.89
https://thevalleycleanteam.com/locations/huntsville/big-cove,0,120,0%,36.12
https://thevalleycleanteam.com/locations/west-nashville/commercial-cleaning,0,118,0%,54.15
https://thevalleycleanteam.com/locations/huntsville/green-cleaning,0,107,0%,11.45
https://thevalleycleanteam.com/blog/commercial-cleaning-birmingham-al,0,104,0%,21.79
https://thevalleycleanteam.com/locations/huntsville/biweekly-cleaning,0,103,0%,37.88
https://thevalleycleanteam.com/nashville-biweekly-cleaning,0,102,0%,40.24
https://thevalleycleanteam.com/post-construction-cleaning,0,97,0%,35.19
https://thevalleycleanteam.com/locations/west-nashville/recurring-maid-service,0,91,0%,16.42
https://thevalleycleanteam.com/blog/medical-office-cleaning-birmingham-al,0,89,0%,29.31
https://thevalleycleanteam.com/locations/tuscumbia/airbnb-cleaning,0,89,0%,56.2
https://thevalleycleanteam.com/birmingham-al/,0,88,0%,47.52
https://thevalleycleanteam.com/locations/birmingham/airbnb-cleaning,0,84,0%,14.37
https://thevalleycleanteam.com/locations/huntsville/senior-cleaning,0,76,0%,11.91
https://thevalleycleanteam.com/locations/decatur/dental-office-cleaning,0,76,0%,72.53
https://thevalleycleanteam.com/locations/florence/green-cleaning,0,74,0%,16.66
https://thevalleycleanteam.com/locations/huntsville/move-out-cleaning,0,74,0%,22.18
https://thevalleycleanteam.com/locations/nashville/east-nashville,0,71,0%,9.52
https://thevalleycleanteam.com/locations/decatur/medical-office-cleaning,0,70,0%,54.5
https://thevalleycleanteam.com/huntsville-same-day-cleaning,0,69,0%,25.87
https://thevalleycleanteam.com/locations/athens/commercial-cleaning,0,67,0%,32.76
https://thevalleycleanteam.com/locations/limestone-county,0,66,0%,19.17
https://thevalleycleanteam.com/locations/mountain-brook/move-out-cleaning,0,65,0%,27.43
https://thevalleycleanteam.com/locations/birmingham/weekly-cleaning,0,65,0%,27.46
https://thevalleycleanteam.com/locations/nashville/dental-office-cleaning,0,64,0%,38.27
https://thevalleycleanteam.com/blog/commercial-cleaning-florence-al,0,62,0%,21.76
https://thevalleycleanteam.com/west-nashville-cleaning,0,62,0%,41.24
https://thevalleycleanteam.com/locations/west-nashville/event-cleaning,0,61,0%,11.67
https://thevalleycleanteam.com/locations/florence/commercial-cleaning,0,61,0%,20.15
https://thevalleycleanteam.com/locations/madison/commercial-cleaning,0,61,0%,23.92
https://thevalleycleanteam.com/locations/athens/office-cleaning,0,61,0%,24.3
https://thevalleycleanteam.com/locations/athens/,0,58,0%,15.93
https://thevalleycleanteam.com/locations/huntsville/owens-cross-roads,0,58,0%,26.6
https://thevalleycleanteam.com/locations/nashville/,0,58,0%,39.12
https://thevalleycleanteam.com/locations/nashville/sylvan-park,0,57,0%,5.42
https://thevalleycleanteam.com/locations/nashville/deep-cleaning,0,57,0%,26.77
https://thevalleycleanteam.com/blog/post-holiday-cleanup-guide,0,56,0%,15.77
https://thevalleycleanteam.com/locations/madison/airbnb-cleaning,0,56,0%,33.88
https://thevalleycleanteam.com/athens-post-construction-cleaning,0,56,0%,39.86
https://thevalleycleanteam.com/locations/muscle-shoals/killen,0,54,0%,10.13
https://thevalleycleanteam.com/locations/birmingham/recurring-maid-service,0,54,0%,26.2
https://thevalleycleanteam.com/locations/decatur/hartselle,0,53,0%,6.57
https://thevalleycleanteam.com/blog/move-out-cleaning-birmingham-al,0,53,0%,25.34
https://thevalleycleanteam.com/locations/muscle-shoals/move-out-cleaning,0,52,0%,20.81
https://thevalleycleanteam.com/blog/reliable-cleaning-company-huntsville-al,0,52,0%,30.35
https://thevalleycleanteam.com/muscle-shoals-area/,0,51,0%,9.22
https://thevalleycleanteam.com/locations/west-nashville/green-cleaning,0,51,0%,16.35
https://thevalleycleanteam.com/franklin-cleaning,0,51,0%,22.8
https://thevalleycleanteam.com/locations/madison/move-out-cleaning,0,49,0%,13
https://thevalleycleanteam.com/locations/nashville/forest-hills,0,48,0%,11.71
https://thevalleycleanteam.com/time-saving-cleaning-hacks-every-busy-parent/,0,48,0%,12.77
https://thevalleycleanteam.com/blog/deep-vs-standard-cleaning-athens-al,0,48,0%,18.81
https://thevalleycleanteam.com/locations/mountain-brook/medical-office-cleaning,0,48,0%,36.19
https://thevalleycleanteam.com/locations/tuscumbia,0,46,0%,11.57
https://thevalleycleanteam.com/blog/deep-vs-standard-cleaning-nashville-tn,0,44,0%,10.77
https://thevalleycleanteam.com/blog,0,43,0%,8.09
https://thevalleycleanteam.com/blog/commercial-cleaning-athens-al,0,43,0%,46.65
https://thevalleycleanteam.com/locations/florence/dental-office-cleaning,0,43,0%,64.12
https://thevalleycleanteam.com/locations/birmingham/biweekly-cleaning,0,42,0%,26.9
https://thevalleycleanteam.com/locations/huntsville/recurring-maid-service,0,42,0%,39.24
https://thevalleycleanteam.com/huntsville-move-out-cleaning,0,41,0%,24.02
https://thevalleycleanteam.com/locations/nashville/germantown,0,41,0%,35.66
https://thevalleycleanteam.com/locations/decatur/commercial-cleaning,0,40,0%,9.75
https://thevalleycleanteam.com/locations/nashville/brentwood,0,40,0%,28.95
https://thevalleycleanteam.com/locations/decatur/danville,0,40,0%,31.57
https://thevalleycleanteam.com/locations/tuscumbia/recurring-maid-service,0,39,0%,24.08
https://thevalleycleanteam.com/locations/lauderdale-county,0,38,0%,17.16
https://thevalleycleanteam.com/tuscumbia-cleaning,0,38,0%,19.08
https://thevalleycleanteam.com/locations/decatur/weekly-cleaning,0,36,0%,17.25
https://thevalleycleanteam.com/locations/madison/madison-city,0,36,0%,18.64
https://thevalleycleanteam.com/blog/spring-cleaning-guide-florence-al,0,35,0%,27.29
https://thevalleycleanteam.com/locations/decatur/biweekly-cleaning,0,33,0%,27.64
https://thevalleycleanteam.com/locations/muscle-shoals/airbnb-cleaning,0,33,0%,42.82
https://thevalleycleanteam.com/blog/deep-vs-standard-cleaning-huntsville-al,0,32,0%,16.41
https://thevalleycleanteam.com/locations/nashville/franklin,0,32,0%,21.28
https://thevalleycleanteam.com/locations/nashville/senior-cleaning,0,31,0%,16.1
https://thevalleycleanteam.com/locations/birmingham/vestavia-hills,0,30,0%,12.2
https://thevalleycleanteam.com/locations/florence/office-cleaning,0,30,0%,15.83
https://thevalleycleanteam.com/locations/birmingham/senior-cleaning,0,30,0%,21.5
https://thevalleycleanteam.com/locations/athens/belle-mina,0,29,0%,15.93
https://thevalleycleanteam.com/locations/decatur/point-mallard,0,29,0%,24.83
https://thevalleycleanteam.com/services/post-construction-cleaning/,0,29,0%,53.59
https://thevalleycleanteam.com/locations/florence/event-cleaning,0,28,0%,23.14
https://thevalleycleanteam.com/locations/muscle-shoals/same-day-cleaning,0,27,0%,14.59
https://thevalleycleanteam.com/locations/birmingham/hoover,0,27,0%,17.15
https://thevalleycleanteam.com/locations/mountain-brook/house-cleaning,0,27,0%,17.3
https://thevalleycleanteam.com/locations/florence/deep-cleaning,0,25,0%,7.84
https://thevalleycleanteam.com/locations/nashville/hillsboro-village,0,25,0%,9.8
https://thevalleycleanteam.com/locations/huntsville/deep-cleaning,0,25,0%,21.72
https://thevalleycleanteam.com/locations/birmingham/same-day-cleaning,0,24,0%,21.96
https://thevalleycleanteam.com/locations/nashville/the-nations,0,24,0%,36.83
https://thevalleycleanteam.com/muscle-shoals-airbnb-cleaning,0,24,0%,43.92
https://thevalleycleanteam.com/careers/,0,23,0%,3.3
https://thevalleycleanteam.com/locations/nashville/bellevue,0,23,0%,12.74
https://thevalleycleanteam.com/blog/room-by-room-cleaning-guide,0,23,0%,16
https://thevalleycleanteam.com/blog/move-out-cleaning-florence-al,0,23,0%,22.3
https://thevalleycleanteam.com/locations/west-nashville/move-out-cleaning,0,23,0%,23.04
https://thevalleycleanteam.com/frequently-asked-questions-the-valley-clean-team/,0,22,0%,4.14
https://thevalleycleanteam.com/category/home/,0,22,0%,4.36
https://thevalleycleanteam.com/athens-weekly-cleaning,0,22,0%,12.45
https://thevalleycleanteam.com/locations/mountain-brook/commercial-cleaning,0,22,0%,16.23
https://thevalleycleanteam.com/blog/deep-vs-standard-cleaning-birmingham-al,0,22,0%,16.27
https://thevalleycleanteam.com/locations/mountain-brook/weekly-cleaning,0,22,0%,30.18
https://thevalleycleanteam.com/locations/nashville/crieve-hall,0,22,0%,36.73
https://thevalleycleanteam.com/huntsville-recurring-maid-service,0,22,0%,43.91
https://thevalleycleanteam.com/locations/athens/east-limestone,0,21,0%,7.24
https://thevalleycleanteam.com/blog/airbnb-hosts-nightmare,0,21,0%,8.95
https://thevalleycleanteam.com/locations/athens/ardmore,0,21,0%,11.9
https://thevalleycleanteam.com/locations/huntsville/harvest,0,20,0%,9.35
https://thevalleycleanteam.com/locations/tuscumbia/post-construction-cleaning,0,20,0%,40.5
https://thevalleycleanteam.com/locations/muscle-shoals/tuscumbia,0,19,0%,7.37
https://thevalleycleanteam.com/locations/mountain-brook/village,0,19,0%,30.05
https://thevalleycleanteam.com/locations/decatur/trinity,0,18,0%,13.5
https://thevalleycleanteam.com/locations/decatur/somerville,0,18,0%,15.61
https://thevalleycleanteam.com/locations/athens/airbnb-cleaning,0,18,0%,18.06
https://thevalleycleanteam.com/locations/athens/same-day-cleaning,0,18,0%,19.28
https://thevalleycleanteam.com/locations/athens/senior-cleaning,0,18,0%,37.33
https://thevalleycleanteam.com/huntsville-cleaning-services/,0,17,0%,5.47
https://thevalleycleanteam.com/madison-cleaning-services/,0,17,0%,5.47
"https://thevalleycleanteam.com/mountain-brook-cleaning-services/text-decoration: 
none;",0,17,0%,5.47
https://thevalleycleanteam.com/nashville-cleaning-services/,0,17,0%,5.47
https://thevalleycleanteam.com/locations/nashville/music-row,0,17,0%,13.53
https://thevalleycleanteam.com/blog/thanksgiving-deep-cleaning-guide,0,17,0%,16.82
https://thevalleycleanteam.com/sheffield-cleaning,0,17,0%,23.12
https://thevalleycleanteam.com/locations/athens/dental-office-cleaning,0,17,0%,32.12
https://thevalleycleanteam.com/locations/madison/heritage-plantation,0,17,0%,32.65
https://thevalleycleanteam.com/pricing,0,16,0%,4.75
https://thevalleycleanteam.com/blog/hidden-cost-of-dirty-house,0,16,0%,12.44
https://thevalleycleanteam.com/locations/athens/post-construction-cleaning,0,16,0%,21.81
https://thevalleycleanteam.com/locations/mountain-brook/same-day-cleaning,0,16,0%,25
https://thevalleycleanteam.com/locations/decatur/airbnb-cleaning,0,16,0%,35.31
https://thevalleycleanteam.com/locations/tuscumbia/move-out-cleaning,0,16,0%,39.81
https://thevalleycleanteam.com/locations/decatur/senior-cleaning,0,16,0%,50.44
https://thevalleycleanteam.com/athens-senior-cleaning,0,15,0%,18.87
https://thevalleycleanteam.com/locations/madison/event-cleaning,0,15,0%,19
https://thevalleycleanteam.com/locations/athens/biweekly-cleaning,0,15,0%,29.13
https://thevalleycleanteam.com/category/holidays/,0,14,0%,3
https://thevalleycleanteam.com/locations/madison/green-cleaning,0,14,0%,17.71
https://thevalleycleanteam.com/locations/athens/weekly-cleaning,0,14,0%,26.29
https://thevalleycleanteam.com/locations/mountain-brook/cherokee-bend,0,14,0%,29.5
https://thevalleycleanteam.com/deep-cleaning,0,13,0%,6.54
https://thevalleycleanteam.com/blog/when-life-gets-too-busy,0,13,0%,10.38
https://thevalleycleanteam.com/locations/decatur/green-cleaning,0,13,0%,12.85
https://thevalleycleanteam.com/locations/tuscumbia/commercial-cleaning,0,13,0%,15.92
https://thevalleycleanteam.com/locations/decatur/deep-cleaning,0,13,0%,16.69
https://thevalleycleanteam.com/locations/mountain-brook/english-village,0,13,0%,26.92
https://thevalleycleanteam.com/locations/florence/airbnb-cleaning,0,13,0%,28.08
https://thevalleycleanteam.com/locations/florence/senior-cleaning,0,12,0%,4.25
https://thevalleycleanteam.com/blog/last-minute-holiday-cleaning,0,12,0%,7.17
https://thevalleycleanteam.com/mountain-brook-cleaning,0,12,0%,10.67
https://thevalleycleanteam.com/locations/muscle-shoals/senior-cleaning,0,12,0%,11.08
https://thevalleycleanteam.com/locations/decatur/austinville,0,12,0%,12.42
https://thevalleycleanteam.com/locations/muscle-shoals/biweekly-cleaning,0,12,0%,14.33
https://thevalleycleanteam.com/locations/nashville/west-meade,0,12,0%,32.58
https://thevalleycleanteam.com/locations/florence/shoals-creek,0,12,0%,43.5
https://thevalleycleanteam.com/trust,0,11,0%,5.27
https://thevalleycleanteam.com/blog/,0,11,0%,6.27
https://thevalleycleanteam.com/author/todd-f/,0,11,0%,6.45
https://thevalleycleanteam.com/muscle-shoals-deep-cleaning,0,11,0%,8.64
https://thevalleycleanteam.com/locations/florence/wilson-lake,0,11,0%,20.18
https://thevalleycleanteam.com/privacy-policy/,0,11,0%,21.73
https://thevalleycleanteam.com/locations/athens/tanner,0,11,0%,26.27
https://thevalleycleanteam.com/locations/birmingham/homewood,0,11,0%,29.91
https://thevalleycleanteam.com/locations/mountain-brook/dental-office-cleaning,0,11,0%,64
https://thevalleycleanteam.com/blog/spring-cleaning-guide-nashville-tn,0,10,0%,5.9
https://thevalleycleanteam.com/blog/losing-your-security-deposit,0,10,0%,6.5
https://thevalleycleanteam.com/mountain-brook-recurring-maid-service,0,10,0%,10.4
https://thevalleycleanteam.com/locations/tuscumbia/deep-cleaning,0,10,0%,12.4
https://thevalleycleanteam.com/diy-easy-recipe-for-eliminating-pet-stains/,0,10,0%,38.5
https://thevalleycleanteam.com/mountain-brook-same-day-cleaning,0,10,0%,54.6
https://thevalleycleanteam.com/services/compassionate-clean,0,9,0%,15.44
https://thevalleycleanteam.com/locations/mountain-brook/restaurant-cleaning,0,9,0%,16.89
https://thevalleycleanteam.com/locations/decatur/event-cleaning,0,9,0%,17.11
https://thevalleycleanteam.com/locations/mountain-brook/senior-cleaning,0,9,0%,25
https://thevalleycleanteam.com/locations/madison/recurring-maid-service,0,9,0%,29.33
https://thevalleycleanteam.com/blog/spring-cleaning-guide-birmingham-al,0,9,0%,32.44
https://thevalleycleanteam.com/commercial-cleaning,0,9,0%,47
https://thevalleycleanteam.com/services/white-glove-cleaning,0,8,0%,5.75
https://thevalleycleanteam.com/athens-move-out-cleaning,0,8,0%,8.12
https://thevalleycleanteam.com/locations/florence/rivermont,0,8,0%,10.25
https://thevalleycleanteam.com/services/estate-cleaning,0,8,0%,12.5
https://thevalleycleanteam.com/locations/colbert-county,0,8,0%,20.25
https://thevalleycleanteam.com/locations/huntsville/twickenham,0,8,0%,23.12
https://thevalleycleanteam.com/locations/tuscumbia/event-cleaning,0,8,0%,41.88
https://thevalleycleanteam.com/locations/decatur/priceville,0,7,0%,3
https://thevalleycleanteam.com/locations/athens/lindsay-lane,0,7,0%,6.57
https://thevalleycleanteam.com/locations/florence/recurring-maid-service,0,7,0%,7.86
https://thevalleycleanteam.com/locations/athens/deep-cleaning,0,7,0%,13.14
https://thevalleycleanteam.com/locations/mountain-brook/office-cleaning,0,7,0%,15.29
https://thevalleycleanteam.com/blog/reliable-cleaning-company-athens-al,0,7,0%,16.57
https://thevalleycleanteam.com/locations/mountain-brook/crestline,0,7,0%,22.57
https://thevalleycleanteam.com/locations/nashville/woodbine,0,7,0%,49.29
https://thevalleycleanteam.com/locations/madison/triana,0,6,0%,3.83
https://thevalleycleanteam.com/wp-content/uploads/2022/11/The-Valley-Clean-Team-1.pdf,0,6,0%,7.33
https://thevalleycleanteam.com/locations/athens/event-cleaning,0,6,0%,8.33
https://thevalleycleanteam.com/locations/florence/historic-district,0,6,0%,11.67
https://thevalleycleanteam.com/locations/huntsville/research-park,0,6,0%,26.17
https://thevalleycleanteam.com/locations/mountain-brook/recurring-maid-service,0,6,0%,33.5
https://thevalleycleanteam.com/locations/muscle-shoals/post-construction-cleaning,0,6,0%,35.5
https://thevalleycleanteam.com/blog/move-out-cleaning-athens-al,0,6,0%,47
https://thevalleycleanteam.com/luxury_maintenance_cleaning/,0,5,0%,5.4
https://thevalleycleanteam.com/locations/athens/recurring-maid-service,0,5,0%,7.4
https://thevalleycleanteam.com/locations/nashville/oak-hill,0,5,0%,11.6
https://thevalleycleanteam.com/athens-same-day-cleaning,0,5,0%,14.6
https://thevalleycleanteam.com/locations/birmingham/cahaba-heights,0,5,0%,19.2
https://thevalleycleanteam.com/locations/huntsville/the-ledges,0,5,0%,22.8
https://thevalleycleanteam.com/locations/nashville/12-south,0,5,0%,31.2
https://thevalleycleanteam.com/locations/athens/clements,0,5,0%,37.8
https://thevalleycleanteam.com/locations/madison/clifts-cove,0,5,0%,39.2
https://thevalleycleanteam.com/muscle-shoals-move-out-cleaning,0,5,0%,47
https://thevalleycleanteam.com/blog/spring-cleaning-guide-huntsville-al,0,4,0%,5.5
https://thevalleycleanteam.com/blog/stain-removal-guide,0,4,0%,6.25
https://thevalleycleanteam.com/?s,0,4,0%,7
https://thevalleycleanteam.com/mountain-brook-weekly-cleaning,0,4,0%,20
https://thevalleycleanteam.com/locations/muscle-shoals/st-florian,0,4,0%,32.75
https://thevalleycleanteam.com/locations/muscle-shoals/lexington,0,4,0%,88.5
https://thevalleycleanteam.com/locations/mountain-brook/deep-cleaning,0,3,0%,4
https://thevalleycleanteam.com/blog/truth-about-hiring-cleaning-service,0,3,0%,7.67
https://thevalleycleanteam.com/locations/florence/lakeside-estates,0,3,0%,8.67
https://thevalleycleanteam.com/category/pets/,0,3,0%,9
https://thevalleycleanteam.com/locations/tuscumbia/green-cleaning,0,3,0%,34
https://thevalleycleanteam.com/unlock-more-quality-family-time/,0,2,0%,1
https://thevalleycleanteam.com/category/diy/,0,2,0%,5.5
https://thevalleycleanteam.com/?post_type=post,0,2,0%,6
https://thevalleycleanteam.com/blog/holiday-hosting-guide-for-moms,0,2,0%,8.5
https://thevalleycleanteam.com/category/family/,0,2,0%,9.5
https://thevalleycleanteam.com/services/event-cleaning/,0,2,0%,14
https://thevalleycleanteam.com/professional-cleaning-jobs-tennessee-valley/,0,2,0%,22
https://thevalleycleanteam.com/luxury-homes,0,1,0%,1
https://thevalleycleanteam.com/taming-your-toddler-tornado/,0,1,0%,1
https://thevalleycleanteam.com/luxury-post-construction-cleaning/,0,1,0%,3
https://thevalleycleanteam.com/blog/holiday-guest-room-preparation,0,1,0%,6
https://thevalleycleanteam.com/regular-cleaning,0,1,0%,6
https://thevalleycleanteam.com/belle-meade-cleaning,0,1,0%,10
https://thevalleycleanteam.com/luxury-move-in-move-out-cleaning/,0,1,0%,11
https://thevalleycleanteam.com/blog/green-cleaning-guide,0,1,0%,33
https://thevalleycleanteam.com/blog/allergy-friendly-cleaning-guide,0,1,0%,42