Top queries,Clicks,Impressions,CTR,Position
the valley clean team,16,79,20.25%,1.15
valley clean team,7,21,33.33%,2.52
cleaning services near me,2,280,0.71%,14.55
move out cleaning services,2,148,1.35%,14.9
cleaning services florence al,2,85,2.35%,14.41
house cleaning,1,136,0.74%,24.18
cleaning services birmingham al,1,119,0.84%,29.24
housekeeping services near me,1,118,0.85%,17.47
cleaning company near me,1,107,0.93%,13.38
valley cleaning services,1,79,1.27%,29.62
cleaning services athens al,1,77,1.3%,18.25
house cleaning near me,1,73,1.37%,16.49
valley clean,1,65,1.54%,13.89
house cleaners near me,1,65,1.54%,14.23
house cleaning services,1,59,1.69%,18.61
house cleaning services florence al,1,40,2.5%,10.25
cleaning service near me,1,12,8.33%,11.67
the clean team,1,10,10%,7.2
maid service birmingham,1,10,10%,28.1
"how much does it cost to clean a 1,500 sq ft house",1,5,20%,3.4
average house cleaning cost per square foot,1,5,20%,35
cost to clean 3000 sq ft house,1,4,25%,1.75
party cleanup service,1,3,33.33%,9
cost for cleaning house,1,2,50%,1
average cost for house cleaning,1,2,50%,4.5
how much to clean 3 bedroom 2 bath house,1,1,100%,1
one day cleaning services near me,1,1,100%,1
professional home cleaning services,1,1,100%,1
florence housekeeping,1,1,100%,3
cleaning new construction,1,1,100%,4
non toxic cleaning service near me,1,1,100%,4
airbnb turnover service,0,2043,0%,44.83
vacation rental turnover cleaning,0,1509,0%,54.45
event cleaning,0,353,0%,20.24
event cleaning service,0,353,0%,21.83
cleaning services,0,255,0%,18.37
house cleaning jones valley,0,254,0%,10.17
office cleaning service near me,0,249,0%,11.85
house cleaning blossomwood,0,246,0%,14.73
house cleaning village of providence,0,245,0%,20.58
house cleaning hampton cove,0,244,0%,16.25
"weekly house cleaning in nashville, tn",0,239,0%,12.63
kitchen cleaning service,0,234,0%,15.43
maid service huntsville,0,226,0%,45.08
move out cleaning huntsville,0,215,0%,45.12
post renovation cleaning huntsville,0,212,0%,31.67
house cleaning huntsville,0,212,0%,37.35
house cleaning old town,0,209,0%,20.38
post construction cleaning huntsville,0,205,0%,32
house cleaning monte sano,0,198,0%,20.63
professional cleaning services,0,195,0%,13.49
house cleaning historic athens,0,191,0%,4.29
"move-out cleaning in nashville, tn",0,181,0%,21.57
house cleaning mt carmel,0,178,0%,16.49
house cleaning hazel green,0,178,0%,56.48
house cleaning big cove,0,177,0%,8.49
house cleaning lake forest,0,175,0%,10.71
"monthly home cleaning services in nashville, tn",0,170,0%,27.03
maids huntsville,0,169,0%,62.95
24 7 cleaning services huntsville al,0,168,0%,17.58
playground sanitizing huntsville,0,167,0%,9.87
house cleaning moores mill,0,167,0%,34.28
"recurring home cleaning nashville, tn",0,161,0%,22.06
house cleaning service,0,152,0%,8.21
house cleaning services foley al,0,152,0%,89.54
move in cleaning service near me,0,142,0%,12.51
home cleaning near me,0,140,0%,14.77
house cleaning five points,0,138,0%,24.25
professional house cleaning service,0,131,0%,13.52
professional house cleaning service near me,0,128,0%,12.84
one time cleaning service near me,0,126,0%,10.06
house cleaning meridianville,0,125,0%,11.77
"move-in cleaning services in nashville, tn",0,121,0%,51.1
bank cleaning huntsville,0,119,0%,44.55
office cleaning huntsville,0,117,0%,24.98
house cleaning city of madison,0,117,0%,28.75
limestone cleaning service,0,117,0%,87.94
"window cleaning services in mountain brook, al",0,116,0%,17.08
"recurring office cleaning nashville, tn",0,116,0%,44.29
airbnb cleaning service near me,0,116,0%,60.78
cleaning services birmingham,0,115,0%,23.77
"chandelier cleaning in birmingham, al",0,113,0%,7.29
medical office cleaning huntsville,0,112,0%,13.08
office cleaning service,0,111,0%,12.06
"light fixture cleaning in birmingham, al",0,111,0%,18.4
house cleaners,0,110,0%,23.4
"home deep cleaning in nashville, tn",0,108,0%,44.09
vacation rental cleaning mobile al,0,106,0%,57.92
post construction cleaning madison,0,105,0%,33.23
vacation rental cleaning fairhope al,0,105,0%,52.6
"office cleaning huntsville, al",0,105,0%,62.23
airbnb cleaning daphne al,0,104,0%,52.82
airbnb cleaning mobile al,0,103,0%,50.86
home cleaning athens,0,102,0%,15.38
vacation rental cleaning daphne al,0,102,0%,56.89
maid services mobile al,0,102,0%,87.42
cleaning services decatur,0,100,0%,24.66
airbnb cleaning fairhope al,0,100,0%,43.41
covid cleaning services huntsville al,0,98,0%,40.74
dental office cleaning huntsville,0,97,0%,10.33
fast turnover cleaning tennessee,0,97,0%,12.98
medical office cleaning birmingham al,0,97,0%,17.16
bi weekly cleaning green brook,0,97,0%,72.62
background-checked airbnb cleaners nashville,0,94,0%,7.44
house cleaning elkmont,0,94,0%,9.05
insured vacation rental cleaners nashville,0,93,0%,10.63
"one-time cleaning services nashville, tn",0,92,0%,56.23
"residential one-time cleaning services nashville, tn",0,92,0%,60.89
home cleaning elkmont,0,91,0%,11.02
vacation rental turnover cleaning tn,0,90,0%,9.54
commercial cleaning services near me,0,90,0%,12.41
residential cleaning service near me,0,90,0%,13.9
maid service elkmont,0,89,0%,21.63
same-day airbnb cleaning service in nashville,0,88,0%,9.62
belle meade cleaners,0,88,0%,12.09
"home cleaning services in nashville, tn",0,88,0%,56.44
certified vacation home cleaning in nashville,0,87,0%,10.36
same-day airbnb cleaning tennessee,0,87,0%,10.4
home cleaners near me,0,87,0%,32.06
post construction dust removal the woodlands,0,87,0%,90.77
same-day rental cleaning nashville,0,86,0%,10.7
24/7 cleaning services,0,86,0%,31.6
apartment complex cleaning huntsville,0,86,0%,70.55
"high dusting services in birmingham, al",0,84,0%,33.6
same-day airbnb cleaning service nashville,0,83,0%,8.75
hardwood cleaning muscle shoals,0,82,0%,18.52
"residential cleaning in nashville, tn",0,82,0%,54.23
"residential cleaning services in nashville, tn",0,82,0%,59.23
professional cleaning service,0,81,0%,12.37
covid 19 cleaning services huntsville al,0,80,0%,42.59
post construction cleaning rockaway,0,80,0%,89.92
residential cleaning service,0,79,0%,13.62
dryer vent cleaning muscle shoals al,0,79,0%,51.46
eco-friendly vacation rental cleaning in nashville,0,78,0%,10.64
airbnb cleaning services indianapolis,0,78,0%,89.01
airbnb turnover cleaning in nashville,0,76,0%,11.16
residential cleaning elkmont,0,76,0%,14.71
maid service near me,0,76,0%,46.76
commercial cleaning huntsville,0,75,0%,62.49
house cleaning services athens,0,74,0%,13.89
covid 19 cleaning services,0,74,0%,28.43
"office deep cleaning services nashville, tn",0,74,0%,56.27
move out cleaning services near me,0,73,0%,16.16
house cleaning birmingham al,0,73,0%,33.93
"pressure washing services in mountain brook, al",0,72,0%,73.92
vrbo cleaning nashville,0,71,0%,8.49
reliable and insured airbnb cleaning in nashville,0,71,0%,12.1
post construction cleaning services,0,71,0%,14.15
cleaning services huntsville,0,71,0%,43.51
post construction cleaning carmel,0,71,0%,74
playground disinfection huntsville,0,70,0%,6.8
house cleaning prices,0,70,0%,60.56
office cleaning birmingham al,0,69,0%,22.93
house cleaning services near me,0,69,0%,23.77
cleaning birmingham,0,69,0%,27.77
commercial cleaning services,0,68,0%,11.47
one time cleaning service,0,68,0%,14.56
post construction cleaning veazie,0,68,0%,67.84
airbnb cleaning montgomery,0,68,0%,73.4
"new construction cleanup knoxville, tn",0,68,0%,80.24
airbnb turnover service tennessee,0,67,0%,6.94
last-minute vrbo cleaning services nashville,0,67,0%,7.88
house cleaning sylvan park tn,0,67,0%,8.9
commercial cleaning elkmont,0,67,0%,10.58
house cleaning new market,0,67,0%,23.54
house cleaning services huntsville,0,67,0%,36.91
post construction cleaning,0,65,0%,12.66
office cleaning,0,65,0%,19.14
maid service,0,65,0%,45.85
commercial cleaning birmingham,0,65,0%,54.48
post-checkout cleaning for vrbo nashville,0,64,0%,6.64
post construction cleaning birmingham al,0,64,0%,11.94
apartment cleaning services,0,64,0%,13.66
fitness center cleaning huntsville,0,64,0%,45.89
turnover cleaning for short-term rentals nashville,0,63,0%,7.71
reliable vrbo cleaning company in nashville,0,63,0%,8.32
eco-friendly airbnb cleaners nashville,0,63,0%,10.1
weekly housekeeping for vacation homes nashville,0,63,0%,15.52
house cleaning services prices,0,63,0%,79.13
affordable vrbo cleaning for homeowners in nashville,0,62,0%,7.87
construction cleaning services,0,62,0%,11.69
move in cleaning service,0,62,0%,15.82
airbnb cleaning service mammoth,0,62,0%,24.76
medical office cleaning nashville,0,61,0%,14.2
move out cleaning services nashville tn,0,61,0%,21.93
home cleaning,0,60,0%,17.47
post construction dust removal katy tx,0,60,0%,84.32
medical office cleaning nashville tn,0,59,0%,10.75
weekly cleaning nashville,0,58,0%,7.09
house cleaning services belle meade tn,0,58,0%,7.81
cleaning company,0,58,0%,11.6
trusted vacation rental cleaners nashville,0,58,0%,14.5
airbnb cleaning huntsville,0,58,0%,20.64
covid disinfecting services huntsville al,0,58,0%,53.05
professional vrbo cleaners in nashville tn,0,57,0%,10.42
affordable airbnb turnover cleaning in nashville,0,57,0%,12.61
vrbo turnover cleaning services nashville,0,56,0%,7.45
house cleaning twickenham,0,56,0%,7.54
airbnb cleaning service,0,56,0%,12.59
deep cleaning for vrbo properties nashville,0,55,0%,8.18
eco-friendly vrbo cleaning nashville,0,55,0%,11.73
scheduled vrbo cleanings nashville,0,54,0%,5.76
move out cleaning,0,54,0%,13.09
cleaning team,0,54,0%,26.91
"residential cleaning services in brentwood, tn",0,54,0%,51.69
nashville cleaning,0,54,0%,56.94
commercial cleaning service huntsville,0,54,0%,61.93
bi-weekly cleaning nashville,0,53,0%,4.45
medical office cleaning,0,53,0%,8.53
home cleaning services,0,53,0%,10.68
house cleaning reserve,0,53,0%,26.15
cleaners athens al,0,53,0%,32.55
house cleaning services brentwood tn,0,53,0%,41.17
event center cleaning service murrieta,0,53,0%,42.83
house cleaning belle meade tn,0,52,0%,5.88
vacation home cleaning for vrbo hosts nashville,0,52,0%,10.38
house cleaners birmingham,0,52,0%,26.79
commercial cleaning company jefferson county,0,52,0%,54.92
vrbo maid service nashville,0,51,0%,7.39
reliable vacation rental cleaning in nashville,0,51,0%,12.2
reliable vacation rental cleaners tennessee,0,51,0%,13.69
licensed airbnb cleaning service nashville,0,51,0%,15.45
high-quality vacation rental cleaners in nashville,0,51,0%,21.9
airbnb cleaning mammoth,0,51,0%,27.92
commercial cleaning services birmingham,0,51,0%,39.16
drain cleaning muscle shoals alabama,0,51,0%,45.67
insured and licensed cleaning services in nashville,0,50,0%,15.42
cleaning for office birmingham al,0,50,0%,32.46
office cleaning services birmingham al,0,50,0%,42.88
eco-friendly vacation rental housekeeping nashville,0,49,0%,9.78
quality cleaning for short-term rentals in nashville,0,49,0%,10.55
construction cleaning,0,49,0%,12.12
monthly cleaning nashville,0,49,0%,12.39
apartment cleaning services near me,0,49,0%,17.57
valley cleaning company,0,48,0%,5.52
medical office cleaning company birmingham al,0,48,0%,8.83
"post construction cleaning service in knoxville, tn",0,48,0%,90.33
green cleaning,0,47,0%,9.96
vacation rental cleaning tennessee,0,47,0%,15.57
home cleaning services huntsville,0,47,0%,27.85
luxury housekeeping services,0,47,0%,30.55
cleaning companies in nashville,0,47,0%,83.55
the valley window services,0,46,0%,8.5
move-out cleaning for vrbo rentals nashville,0,46,0%,9.63
cleaners sheffield,0,46,0%,10
professional cleaning services near me,0,46,0%,15.91
cleaning services madison al,0,46,0%,42.85
medical office cleaning services birmingham,0,45,0%,6.18
24 7 cleaning services,0,45,0%,8.8
medical cleaning services,0,45,0%,11.8
event clean up,0,45,0%,19.67
birmingham cleaners,0,45,0%,25.42
24 7 cleaning services nashville tn,0,45,0%,52.96
"commercial cleaning in nashville, tn",0,45,0%,64.87
airbnb turnover and cleaning in denver,0,45,0%,67.62
alabama cleaning service,0,44,0%,8.86
medical office cleaning company huntsville al,0,44,0%,14.86
professional cleaners for vacation homes nashville,0,44,0%,19.82
office cleaning company birmingham al,0,44,0%,20.55
medical office cleaning services huntsville,0,43,0%,13.91
cleaners birmingham,0,43,0%,30.51
standard cleaning huntsville,0,43,0%,33.86
mammoth airbnb cleaning,0,43,0%,47.35
home cleaning services near me,0,42,0%,13.36
cleaning company birmingham,0,42,0%,22.5
tile cleaning muscle shoals al,0,42,0%,38.31
cleaning services in hoover,0,42,0%,40.98
cleaners,0,41,0%,8.34
vacation home housekeeping nashville,0,41,0%,8.63
deep cleaning for vacation rentals in nashville,0,41,0%,10.07
housekeeping for airbnbs in nashville,0,41,0%,11.39
professional airbnb cleaners tn,0,41,0%,17.63
cleaner birmingham,0,41,0%,22.83
house cleaning athens,0,41,0%,24.2
average price for house cleaning,0,41,0%,48.88
professional cleaning services birmingham,0,40,0%,20.9
restaurant cleaning birmingham,0,40,0%,21.35
office cleaning birmingham,0,40,0%,45.7
medical facility cleaning near me,0,40,0%,47.35
the cleaning team,0,40,0%,48.7
house cleaning services nashville tn,0,40,0%,57.12
kitchen cleaning service near me,0,39,0%,10.18
commercial cleaning services jefferson county,0,39,0%,48
recurring maids in sylvan,0,38,0%,7.5
office cleaning service birmingham,0,38,0%,14.79
trusted short-term rental cleaners in nashville,0,38,0%,15.63
restaurant cleaning company birmingham,0,38,0%,24.71
home cleaning services birmingham,0,38,0%,27.47
house cleaning services madison al,0,38,0%,44.37
"office cleaning services in nashville, tn",0,38,0%,59.5
post construction cleaning in foley,0,38,0%,66.68
medical office cleaning huntsville al,0,37,0%,11.54
cleaning services athens,0,37,0%,17.78
cleaning services decatur al,0,37,0%,25.08
office cleaning services huntsville al,0,37,0%,26.73
restaurant cleaning services huntsville,0,37,0%,27.89
house cleaning nashville tn,0,37,0%,34.43
cleaning services hoover al,0,37,0%,37.62
retail space cleaning huntsville,0,37,0%,46.11
medical office cleaning levant,0,37,0%,58.46
home cleaning services nashville tn,0,37,0%,59.35
airbnb cleaning fresno,0,37,0%,71.35
medical office cleaning company nashville tn,0,36,0%,4.22
home cleaners birmingham,0,36,0%,31.83
move out cleaning huntsville al,0,36,0%,36.44
deep house cleaning nashville tn,0,36,0%,45.47
deep cleaning services nashville tn,0,36,0%,47.61
commercial cleaning jefferson county,0,36,0%,57.56
cleaning services in florence al,0,35,0%,9.66
recurring cleaning nashville,0,35,0%,12.77
deep cleaning services,0,35,0%,19.14
airbnb cleaning service tennessee,0,35,0%,20.29
cleaners florence al,0,35,0%,32.97
office cleaning company huntsville al,0,34,0%,26.94
upholstery cleaning muscle shoals,0,34,0%,36.91
commercial cleaning services birmingham al,0,34,0%,45.44
dental office cleaning service,0,34,0%,49.32
cleaning services prices,0,34,0%,87.71
medical office cleaning services nashville,0,33,0%,4.39
certified and dependable cleaners in nashville,0,33,0%,4.45
rental cleaning east nashville,0,33,0%,13.97
"window cleaning services in greystone, al",0,33,0%,45.52
cleaning service in nashville,0,33,0%,56.67
cleaning services in brookwood hills,0,33,0%,61.39
healthcare facility cleaning birmingham,0,32,0%,3.97
home renovation contractors decatur al,0,32,0%,16.41
house cleaners athens,0,32,0%,21.84
airbnb cleaning services,0,32,0%,27.72
upholstery cleaning muscle shoals al,0,32,0%,34.28
birmingham interior cleaning,0,32,0%,39.19
local cleaning service near me,0,32,0%,39.34
post construction cleanup,0,32,0%,42.97
gym cleaning huntsville,0,32,0%,44.09
cleaning hoover al,0,32,0%,45.62
cleaning services in huntsville al,0,32,0%,47.09
airbnb cleaning waterville,0,32,0%,50.19
grout cleaning muscle shoals,0,32,0%,51.56
how much is a cleaning service,0,32,0%,58.28
healthcare facility cleaning nashville,0,31,0%,4.48
apartment cleanouts in birmingham,0,31,0%,6.03
kitchen contractor decatur al,0,31,0%,14.81
airbnb turnover cleaning,0,31,0%,19.65
reliable short-term rental cleaners in nashville,0,31,0%,22.23
airbnb cleaning companies,0,31,0%,27.13
airbnb turnovers,0,31,0%,41.16
tile cleaning muscle shoals,0,31,0%,46.06
party cleaning,0,31,0%,53.32
emergency biohazard cleanup service decatur al,0,31,0%,58.58
how much is a bond clean 4 bedroom house,0,31,0%,60.58
covid cleaning services nashville tn,0,31,0%,68.19
post construction cleaning in crestview,0,31,0%,75.9
medical office cleaning orrington,0,31,0%,77.55
house cleaning services forest hills tn,0,30,0%,6.97
professional and insured cleaners in nashville,0,30,0%,21.03
medical office cleaning near me,0,30,0%,32.07
birmingham commercial cleaning services,0,30,0%,35.43
post construction cleaning in wynnehaven beach,0,30,0%,44.9
maid service huntsville al,0,30,0%,52.33
residential cleaning nashville tn,0,30,0%,54.93
valley cleaning,0,29,0%,16.31
residential cleaning services huntsville al,0,29,0%,50.66
tile cleaning services near me,0,29,0%,61.17
airbnb cleaning service seattle,0,29,0%,88.21
nashville sweeping company,0,29,0%,90.66
maid service athens,0,28,0%,14.96
boat removal muscle shoals alabama,0,28,0%,25.04
commercial cleaning service decatur,0,28,0%,42.89
whole house cleaning service huntsville al,0,28,0%,51.75
"house deep cleaning services huntsville, al",0,28,0%,54.11
commercial cleaning in hoover,0,28,0%,70.43
post construction cleaning glenburn,0,28,0%,79.11
contents cleaning green hills,0,27,0%,12.85
we clean nashville,0,27,0%,13.19
vacation property cleaners,0,27,0%,15.63
house cleaning green hills tn,0,27,0%,15.85
hardwood cleaning florence al,0,27,0%,28.56
huntsville al cleaning services,0,27,0%,51.63
"commercial cleaning services in nashville, tn",0,27,0%,56.07
"home cleaners anderson, in",0,27,0%,62.93
decluttering service birmingham,0,27,0%,63.56
house cleaning cost,0,27,0%,63.67
industrial cleaning birmingham al,0,27,0%,92.33
cleaning services alabama,0,26,0%,10.65
birmingham maid service,0,26,0%,17.54
boat removal muscle shoals al,0,26,0%,23.12
trusted airbnb cleaners in nashville,0,26,0%,24.58
post-construction cleaning services,0,26,0%,27.08
athens commercial cleaning services,0,26,0%,37.62
maid services near me,0,26,0%,41
event cleanup,0,26,0%,52.73
duct cleaning muscle shoals al,0,26,0%,68.35
carpet cleaning belle meade,0,26,0%,72.73
airbnb cleaning company denver,0,26,0%,94.38
house cleaning owens cross roads al,0,25,0%,10.08
neighborhood & hoa sweeping nashville tn,0,25,0%,22.96
post construction cleaning in orange beach al,0,25,0%,30.48
commercial cleaning services in birmingham,0,25,0%,35.6
huntsville cleaning service,0,25,0%,48.12
recurring maid service green brook,0,25,0%,49.52
office cleaning huntsville al,0,25,0%,52.12
huntsville cleaning services,0,25,0%,54.32
maid services huntsville al,0,25,0%,58.56
residential cleaning company nashville tn,0,25,0%,58.96
professional cleaning services nashville,0,25,0%,61.32
post construction cleaning in daphne,0,25,0%,70.8
airbnb cleaning service tempe,0,25,0%,72.96
new year home clean tips,0,25,0%,77.52
nashville sweeping services,0,25,0%,84.92
commercial cleaning,0,24,0%,3.75
move-out cleaning for rental properties nashville,0,24,0%,6.83
experienced short-term rental cleaners nashville,0,24,0%,20.25
hardwood cleaning muscle shoals al,0,24,0%,24.88
house cleaning services birmingham,0,24,0%,27.92
house deep cleaning service,0,24,0%,29.46
restaurant cleaning company huntsville,0,24,0%,31
commercial cleaning service birmingham al,0,24,0%,32.67
offices cleaning tennessee,0,24,0%,32.96
cleaning service huntsville,0,24,0%,44.88
cleaning cost,0,24,0%,61.17
covid 19 cleaning services nashville tn,0,24,0%,65.46
event cleanup services maui,0,24,0%,66.08
drain cleaning in mountain brook al,0,24,0%,69.5
commercial janitorial cleaning services birmingham al,0,24,0%,76.5
medical office cleaning hampden,0,24,0%,93.25
nashville house cleaning rates,0,23,0%,5.91
cleaners near me,0,23,0%,7.04
house cleaning muscle shoals,0,23,0%,10.96
"cleaning service, birmingham, alabama, united states",0,23,0%,13
house cleaning rogersville,0,23,0%,13.13
"complete clean, cleaning service, rogersville",0,23,0%,14.3
restaurant cleaning services birmingham,0,23,0%,21.91
cleaning service airbnb,0,23,0%,23.22
office disinfecting services nashville,0,23,0%,24.65
post construction cleaning in valparaiso,0,23,0%,28
best trusted vacation rental cleaners in nashville,0,23,0%,28.52
huntsville home cleaning services,0,23,0%,43.17
house cleaning services huntsville al,0,23,0%,43.83
professional house cleaning service hunstville,0,23,0%,45.35
maid services birmingham al,0,23,0%,46.65
house cleaning service huntsville,0,23,0%,52.22
cleaning huntsville al,0,23,0%,53.3
apartment cleaning huntsville,0,23,0%,65.48
cleaning services madison,0,22,0%,11.82
bathroom cleaning service near me,0,22,0%,20.36
residential cleaning athens,0,22,0%,22.32
house cleaning east nashville tn,0,22,0%,26.18
airbnb cleaning service wasilla,0,22,0%,27.23
"weekly cleaning services cumberland heights, tn",0,22,0%,33.86
covid cleaning services,0,22,0%,52.23
janitorial services birmingham al,0,22,0%,53.82
house cleaning service cost,0,22,0%,55.5
"window cleaning services in vestavia hills, al",0,22,0%,55.95
"maid services in huntsville, al",0,22,0%,56.68
"window cleaning services in vestavia hills, la",0,22,0%,58.23
how much to charge for house cleaning,0,22,0%,58.27
airbnb cleaning chattanooga,0,22,0%,61.77
sewer line cleaning in mountain brook al,0,22,0%,70.86
event cleanup services kauai,0,22,0%,74.68
airbnb cleaning henderson,0,22,0%,85.36
move out cleaning services foley al,0,22,0%,88.73
medical office cleaning veazie,0,22,0%,93.05
luxury or premium home cleaning companies,0,21,0%,12.24
cleaning service,0,21,0%,12.57
house cleaning services madison,0,21,0%,14.1
house cleaning athens al,0,21,0%,17.1
green cleaners nashville,0,21,0%,26.76
cleaning services madison county,0,21,0%,31.43
dental cleaning in nashville,0,21,0%,39.62
house cleaning company near me,0,21,0%,40.48
local maid service,0,21,0%,41
medical office cleaning danville,0,21,0%,45.67
cleaning vestavia hills al,0,21,0%,47.52
florence cleaning services,0,21,0%,47.95
huntsville maid service,0,21,0%,58.1
maids huntsville al,0,21,0%,63.14
house cleaning valley stream,0,21,0%,72
house maid service valley stream,0,21,0%,81.14
move out cleaning services spanish fort al,0,21,0%,82.29
bathroom cleaning services cost,0,21,0%,83.71
renovation cleanup,0,21,0%,88.76
pre-moving cleaning birmingham,0,20,0%,6.55
medical office cleaning service near me,0,20,0%,17.5
clean team near me,0,20,0%,41.85
cleaning house service near me,0,20,0%,43.75
commercial cleaning birmingham al,0,20,0%,46.25
commercial cleaning services huntsville,0,20,0%,47.75
tile and grout cleaning muscle shoals al,0,20,0%,48.3
what is the going rate for house cleaning,0,20,0%,49.35
bathroom deep cleaning price,0,20,0%,59.85
how much is a house cleaning service,0,20,0%,61.2
luxury domestic cleaning services,0,20,0%,86.9
construction cleanup service,0,19,0%,1
housemaid green hills,0,19,0%,5.16
what cleaning companies guarantee the same vetted cleaner each visit?,0,19,0%,9.16
move out cleaning nashville,0,19,0%,13.58
post construction cleaning solutions birmingham al,0,19,0%,21.05
vacation rental cleaners,0,19,0%,22.42
cleaning services airbnb,0,19,0%,23.58
vacation rental cleaning services,0,19,0%,27.53
cleaning company athens,0,19,0%,28.68
office cleaning service nashville,0,19,0%,29.47
luxury cleaning services,0,19,0%,38.05
cleaning company birmingham al,0,19,0%,39.26
post construction cleaning in andalusia al,0,19,0%,41.63
house cleaning huntsville al,0,19,0%,44
home cleaning services huntsville al,0,19,0%,45.37
airbnb cleaning service tempe az,0,19,0%,59.26
commercial cleaning services nashville,0,19,0%,65.63
whole home renovations decatur,0,19,0%,67.79
commercial kitchen hood cleaning huntsville,0,19,0%,72.89
cleaning nashville,0,19,0%,74.89
post construction cleaning in lake lorraine,0,19,0%,75.89
emergency biohazard cleanup service decatur,0,19,0%,88.47
green cleaning florence,0,18,0%,7.94
home cleaners,0,18,0%,13.28
airbnb cleaning company,0,18,0%,21.17
move-out cleaning for vacation rentals in nashville,0,18,0%,22.83
house cleaning birmingham,0,18,0%,23
shampoo carpets florence al,0,18,0%,26.56
house cleaning services birmingham al,0,18,0%,29.72
medical office cleaning services athens,0,18,0%,37.61
recurring cleaning center valley,0,18,0%,40.89
nashville house cleaning services,0,18,0%,42.78
upholstery cleaning florence al,0,18,0%,46.22
cleaning services huntsville al,0,18,0%,61.56
post renovation cleaning,0,18,0%,67.17
commercial janitorial services birmingham al,0,18,0%,73.67
medical cleaning nashville,0,17,0%,8.59
house cleaning services athens alabama,0,17,0%,14.35
housekeeping services,0,17,0%,16.06
vacation rental cleaner,0,17,0%,21.06
airbnb cleaners,0,17,0%,21.71
vacation rental cleaning,0,17,0%,25.06
professional airbnb cleaning services in nashville,0,17,0%,26.47
post-construction cleaning,0,17,0%,31.24
house cleaning nashville,0,17,0%,39.18
housekeeping birmingham al,0,17,0%,44.18
grout cleaning muscle shoals al,0,17,0%,46.18
grout cleaning florence al,0,17,0%,47.47
house cleaning company prices,0,17,0%,48.29
house cleaning brentwood tn,0,17,0%,48.41
vacation rental cleaning services near me,0,17,0%,50.41
"house cleaning services huntsville, al",0,17,0%,55.59
dust and debris removal after construction,0,17,0%,57
dental office cleaning old town,0,17,0%,61.76
turnover cleaning service,0,17,0%,64.18
deep cleaning for restaurants nashville,0,17,0%,66.41
dental office cleaning company,0,17,0%,72.12
local guide program,0,16,0%,1
belle meade cleaners nashville tn,0,16,0%,7.81
deep cleaning,0,16,0%,8.06
valley cleaning service,0,16,0%,21.5
house cleaners birmingham al,0,16,0%,36.38
cleaning birmingham al,0,16,0%,36.62
airbnb cleaners in tennessee,0,16,0%,44.25
"weekly housecleaning cumberland heights, tn",0,16,0%,44.38
decatur maid service,0,16,0%,45.44
personalized residential cleaning services huntsville al,0,16,0%,45.69
restaurant cleaning services athens,0,16,0%,46.56
price cleaning,0,16,0%,60.62
tile cleaning huntsville al,0,16,0%,65.94
madison cleaning company,0,16,0%,89.5
post construction cleaning bangor,0,16,0%,93
residential cleaning rogersville,0,15,0%,7.73
decatur cleaners,0,15,0%,9.13
cleaning services in birmingham,0,15,0%,26.93
area rug cleaning muscle shoals al,0,15,0%,31.07
cleaning services in birmingham al,0,15,0%,46.87
vacation rental cleaning nashville,0,15,0%,48.93
house cleaning service nashville,0,15,0%,50.2
apartment cleaning services huntsville al,0,15,0%,51.13
cost of house deep clean,0,15,0%,58.4
vacation rental cleaning in greenville,0,15,0%,60.8
cleaning services hazel green al,0,15,0%,66.2
cleaning doctors offices,0,15,0%,77.33
dental office cleaning glenburn,0,15,0%,89.47
cost housekeeper,0,14,0%,6.5
valley cleaners,0,14,0%,6.5
cleaners decatur al,0,14,0%,10.93
florence maid service,0,14,0%,16.79
showroom cleaners,0,14,0%,17.36
vacation rental cleaning service,0,14,0%,21.93
move in and move out cleaning in hoover,0,14,0%,22.5
nashville vrbo same-day cleaning service,0,14,0%,33.79
house cleaning services in nashville tn,0,14,0%,38.57
medical office cleaning company mobile al,0,14,0%,40.29
housekeepers birmingham al,0,14,0%,49.71
the cleaning agency,0,14,0%,54.71
carpet cleaning muscle shoals al,0,14,0%,56.21
"smart home mountain brook, al",0,14,0%,56.21
basic cleaning huntsville,0,14,0%,58.57
teeth cleanings in huntsville,0,14,0%,63.57
nashville cleaning service,0,14,0%,68.86
house deep cleaning service cost,0,14,0%,72.07
vacation rental cleaning chattanooga,0,14,0%,72.29
airbnb cleaning services near me,0,14,0%,72.36
post construction cleaning mandeville,0,14,0%,72.79
carpet cleaning muscle shoals,0,14,0%,73.14
new year cleaning,0,14,0%,76.64
hardwood floor cleaning huntsville al,0,14,0%,78.71
how much is an end of tenancy clean,0,14,0%,81.79
dental office cleaning veazie,0,14,0%,86.64
deep cleaning house services fairhope al,0,14,0%,91.21
medical office cleaning companies richland county,0,14,0%,94.93
cleaning services in alabama,0,13,0%,10.23
house cleaning gurley al,0,13,0%,12.77
bhm cleaning,0,13,0%,13.38
same-day turnover cleaning service,0,13,0%,13.77
short-term rental cleaning services nashville,0,13,0%,15.23
bathroom cleaning service,0,13,0%,17.46
luxury home cleaning services,0,13,0%,18.69
airbnb cleanings,0,13,0%,19.38
airbnb cleaner,0,13,0%,20.54
airbnb house cleaning,0,13,0%,23.54
best vacation rental cleaners in nashville,0,13,0%,25.62
airbnb cleaning,0,13,0%,29.46
medical office cleaning clarksville tn,0,13,0%,37.15
deep cleaning near me,0,13,0%,37.46
going rate for house cleaning,0,13,0%,38.62
medical office cleaning mobile al,0,13,0%,40.31
commercial cleaning services in birmingham al,0,13,0%,40.46
professional house cleaners cost,0,13,0%,41.08
airbnb rental cleaning nashville tn,0,13,0%,41.38
house cleaning pricing guide,0,13,0%,41.77
nashville vacation rental cleaners,0,13,0%,43.23
cost house cleaning services,0,13,0%,44.23
cleaning services brookhaven,0,13,0%,47.92
cost of maid service,0,13,0%,49
cleaning service huntsville al,0,13,0%,49.31
house cleaning franklin tn,0,13,0%,52.46
maid service valley stream,0,13,0%,61.62
cleaning prices,0,13,0%,66.31
rates for house cleaning services,0,13,0%,69.38
recurring house cleaning green brook,0,13,0%,72.92
prices for deep cleaning houses,0,13,0%,73
housekeeping services birmingham al,0,13,0%,81.46
house cleaning buckthorn,0,12,0%,5.08
birmingham office cleaning services,0,12,0%,13.58
deep cleaning east nashville,0,12,0%,17.75
illinois valley clean team,0,12,0%,26.58
vacation rental housekeeping,0,12,0%,26.75
luxury home cleaning service near me,0,12,0%,33.92
"airbnb cleaning memphis, tn",0,12,0%,34.83
medical office cleaning services bellevue,0,12,0%,39.08
short-term rentals cleaning,0,12,0%,43.5
professional house cleaning service huntsville,0,12,0%,49.75
tile cleaning florence al,0,12,0%,50.5
licensed cleaners in nashville,0,12,0%,52.33
office cleaning services birmingham,0,12,0%,53.75
office cleaning services nashville,0,12,0%,53.92
after event cleaning,0,12,0%,57.83
local house cleaning near me,0,12,0%,59.92
whole+home+renovations+decatur,0,12,0%,70
house cleaning services fairhope al,0,12,0%,83.17
after construction clean up,0,12,0%,89.5
move out cleaning services fairhope al,0,12,0%,91.5
medical office cleaning old town,0,12,0%,93.33
cleaning companies near me,0,11,0%,5.45
home cleaning rogersville,0,11,0%,8.18
house cleaning forest hills tn,0,11,0%,11.09
professional cleaning,0,11,0%,12.27
glen ellyn post construction cleaning,0,11,0%,12.55
bi weekly cleaning service anderson,0,11,0%,15.91
airbnb housekeeper,0,11,0%,23.45
athens cleaning services,0,11,0%,24.36
florence cleaning service,0,11,0%,24.36
airbnb housekeeping,0,11,0%,25.27
vacation home cleaning,0,11,0%,25.64
move in cleaning center valley,0,11,0%,26
cleaning+services+near+me,0,11,0%,27.09
decatur house cleaning,0,11,0%,32.73
commercial cleaning services in huntsville,0,11,0%,33.27
cleaning services brentwood tn,0,11,0%,37.09
"weekly house cleaning cumberland heights, tn",0,11,0%,48.18
janitorial services huntsville al,0,11,0%,53.36
post renovation cleaning service,0,11,0%,53.36
top-rated airbnb cleaning company in nashville,0,11,0%,53.91
vacation rental cleaning service valparaiso,0,11,0%,54.45
"window cleaning in trussville, al",0,11,0%,57.36
commercial cleaning nashville tn,0,11,0%,59.82
vacation rental cleaning services valparaiso,0,11,0%,60.64
average cost of house cleaning,0,11,0%,61
airbnb cleaning nashville,0,11,0%,62.27
cleaning nashville tn,0,11,0%,72.27
airbnb cleaning service chattanooga,0,11,0%,78.18
vacation rental cleaning service chattanooga,0,11,0%,94.36
denver airbnb cleaning service,0,11,0%,97.73
airbnb cleaning service in las vegas,0,11,0%,98.36
house cleaning rates in nashville,0,10,0%,3.3
clean team,0,10,0%,5.4
commercial cleaning athens,0,10,0%,9.5
office cleaning services,0,10,0%,13.4
home cleaning huntsville,0,10,0%,16.8
florence commercial cleaning services,0,10,0%,17.2
office junk removal music row tn,0,10,0%,17.9
vrbo cleaners nashville,0,10,0%,19.1
"cleaning service, huntsville, alabama, united states",0,10,0%,19.2
office cleaning service center valley,0,10,0%,20.4
house cleaning madison al,0,10,0%,29.4
post-event cleaning company in knoxville,0,10,0%,30.9
how much to charge for cleaning a house,0,10,0%,37.5
short-term rental cleaning,0,10,0%,39.1
"weekly home cleaning cumberland heights, tn",0,10,0%,40.8
weekly house cleaning cost,0,10,0%,43.7
professional housekeeping for vacation homes nashville,0,10,0%,47.5
septic tank cleaning service west meade,0,10,0%,49.4
home cleaning services for aging parents,0,10,0%,57.2
cleaning company nashville,0,10,0%,59.2
nashville commercial cleaning,0,10,0%,66.3
building cleaning nashville,0,10,0%,76.3
how to get airbnb cleaning contracts,0,10,0%,76.7
how much does it cost to clean a 1,0,10,0%,76.9
house cleaning charges,0,10,0%,77.3
apartment turnover cleaning services near me,0,10,0%,78.3
dental office cleaners,0,10,0%,81.4
home cleaning services prices,0,10,0%,82
house cleaners nashville tn,0,10,0%,85.7
medical office cleaning glendale,0,10,0%,89.1
maid services nashville tn,0,10,0%,91.5
home cleaning charges,0,10,0%,92.6
dental office cleaning orono,0,10,0%,93.6
house deep cleaning prices,0,10,0%,95.6
team cleaning,0,9,0%,3.67
office cleaner service,0,9,0%,8.78
residential cleaning inglewood tn,0,9,0%,10.22
deep cleaning services near me,0,9,0%,12.67
bi weekly house cleaning service anderson,0,9,0%,12.89
valley cleaning solutions,0,9,0%,13.22
move out cleaning anderson,0,9,0%,14
"house cleaning for seniors in my area in huntsville, alabama",0,9,0%,15.78
(inurl:post) remove,0,9,0%,16.89
dental office cleaning service near me,0,9,0%,17.22
commercial cleaning near me,0,9,0%,18.33
cleaning specialists forest hills tn,0,9,0%,21
nashville office cleaning,0,9,0%,24.33
birmingham cleaning services,0,9,0%,25.22
cleaning franchise birmingham,0,9,0%,36.11
how much does a house cleaner cost,0,9,0%,37.22
short-term rental cleaning service,0,9,0%,37.44
tile and grout cleaning florence al,0,9,0%,43.44
professional estate cleaners,0,9,0%,44.44
rates for home cleaning services,0,9,0%,48
airbnb cleaning service nashville,0,9,0%,50.67
vacation rental cleaners nashville,0,9,0%,51.33
business cleaning nashville,0,9,0%,51.78
commercial cleaning services huntsville al,0,9,0%,54.11
cost for deep clean house,0,9,0%,57.33
tile and grout cleaning muscle shoals,0,9,0%,57.78
how much to clean,0,9,0%,59.67
construction dust clean up,0,9,0%,62.22
airbnb cleaning ogden,0,9,0%,62.56
residential cleaning in center hill,0,9,0%,67
maid services foley al,0,9,0%,69.33
airbnb cleaning company chattanooga,0,9,0%,72.44
airbnb cleaning services chattanooga,0,9,0%,78.11
janitorial services nashville,0,9,0%,78.44
home cleaning cost,0,9,0%,80.22
post construction cleaning caldwell,0,9,0%,85.11
cleaning company prices,0,9,0%,91.11
affordable home cleaners near me,0,8,0%,1
house cleaning wedowee al,0,8,0%,1
cleaning service florence,0,8,0%,5.88
green cleaning athens,0,8,0%,7.62
medical and offices cleaning franklin,0,8,0%,8
city cleaners,0,8,0%,8.5
recurring cleaning service nashville,0,8,0%,9.62
house cleaning decatur,0,8,0%,12.38
recurring cleaning services anderson,0,8,0%,13.12
move in cleaning madison,0,8,0%,13.38
huntsville office cleaning services,0,8,0%,14
nashville vrbo cleaning service,0,8,0%,14.12
move out cleaning service,0,8,0%,14.25
medical building cleaning near me,0,8,0%,15.12
move out cleaning near me,0,8,0%,15.5
post construction cleaning services tipton in,0,8,0%,16
valley city office cleaning,0,8,0%,16.38
birmingham cleaning service,0,8,0%,16.62
monthly house cleaning anderson,0,8,0%,17.62
after party cleaning maryville tn,0,8,0%,19.25
event breakdown cleaning in knoxville,0,8,0%,19.38
office cleaning tennessee,0,8,0%,21.25
residential cleaning green hill tn,0,8,0%,22
huntsville cleaners,0,8,0%,23.38
cleaning service hartselle al,0,8,0%,24.88
nashville vacation rental cleaner,0,8,0%,26.62
nashville home cleaning supplies products,0,8,0%,27.25
commercial office cleaning huntsvile al,0,8,0%,29.62
residential cleaning in hoover,0,8,0%,35.12
office cleaning nashville,0,8,0%,36.62
average price to clean a house,0,8,0%,37.12
how much do house cleaners charge,0,8,0%,38.38
team cleaning services,0,8,0%,38.75
commercial ice machine cleaning decatur al,0,8,0%,40
nashville vacation rental cleaning,0,8,0%,40.38
commercial cleaning companies birmingham,0,8,0%,41.75
apartment cleaning huntsville al,0,8,0%,43.62
mountain brook homeowners insurance,0,8,0%,45.88
post construction cleaning service sheffield,0,8,0%,47.88
home cleaning rates,0,8,0%,48.75
rental property deep cleaning nashville,0,8,0%,49.25
residential cleaning in brookwood hills,0,8,0%,53
cleaners huntsville al,0,8,0%,55.5
airbnb cleaning service north lake tahoe,0,8,0%,56.12
nashville airbnb cleaning,0,8,0%,57
licensed cleaning contractors highland park,0,8,0%,57.75
trash service tuscumbia al,0,8,0%,58.88
new house cleaning cost,0,8,0%,64
post construction cleaning orangeburg sc,0,8,0%,67.5
carpet cleaning brentwood tn,0,8,0%,69.62
vacation short term rental cleaning walnut creek ca,0,8,0%,72.75
"post renovation cleaning services myrtle beach, sc",0,8,0%,77.88
emergency cleanup services huntsville al,0,8,0%,80.5
clean up after construction,0,8,0%,91.25
post-renovation cleanup,0,8,0%,92
how much does a cleaning service cost,0,7,0%,2.71
"house cleaning for seniors in my area in huntsville, madison county",0,7,0%,2.86
one time house cleaning cost,0,7,0%,5
what to expect from a professional cleaner visit?,0,7,0%,7.14
real clean team,0,7,0%,7.29
athens cleaners,0,7,0%,8
book online cleaning services near alabama,0,7,0%,9.29
house cleaning berry hill tn,0,7,0%,9.43
senior living facility cleaning nashville,0,7,0%,9.71
medical cleaning in franklin,0,7,0%,10
bi weekly house cleaning anderson,0,7,0%,12.29
nashville medical office cleaning,0,7,0%,12.29
"cleaning service near me, huntsville, alabama, united states",0,7,0%,13
weekly cleaning service anderson,0,7,0%,13.14
birmingham housekeeping services,0,7,0%,14
monthly cleaning service anderson,0,7,0%,15.71
residential window cleaning mountain brook,0,7,0%,16.57
deep cleaning for property managers nashville,0,7,0%,17.29
clean technique birmingham al,0,7,0%,17.43
weekly cleaning anderson,0,7,0%,17.71
residential cleaning forest hills tn,0,7,0%,19.57
house cleaning decatur al,0,7,0%,21.43
vrbo cleaner nashville,0,7,0%,22.29
event venue cleaning in knoxville,0,7,0%,23.71
home cleaning hartselle al,0,7,0%,23.86
professional cleaning services forest hills tn,0,7,0%,29.57
team clean nashville,0,7,0%,32
home cleaning huntsville al,0,7,0%,36.86
luxury house cleaning near me,0,7,0%,38.43
move out cleaning services nashville,0,7,0%,39.29
residential cleaning huntsville al,0,7,0%,40.86
"pool cleaning service mountain brook, al",0,7,0%,41.43
commercial office cleaning birmingham,0,7,0%,41.71
house deep cleaners near me,0,7,0%,42.14
move in cleaning service cost,0,7,0%,42.71
post construction cleaning east valley,0,7,0%,45.71
cleaning companies nashville,0,7,0%,48
cleaning teams,0,7,0%,49
how much should i charge to clean a 3000 sq ft house,0,7,0%,51.57
event cleanup service,0,7,0%,52.86
nashville short term rental cleaner,0,7,0%,53.71
commercial cleaning services in nashville,0,7,0%,56
janitorial cleaning huntsville al,0,7,0%,57.57
airbnb cleaning north lake tahoe,0,7,0%,57.71
home cleaning nashville,0,7,0%,58.57
cleaning company pricing,0,7,0%,69.57
cleaning franchise huntsville,0,7,0%,70.71
emergency cleanup services nashville tn,0,7,0%,70.86
maid cleaning nashville discount code,0,7,0%,72.71
house cleaning price,0,7,0%,72.86
construction dust,0,7,0%,74.14
airbnb cleaning st louis,0,7,0%,83.43
airbnb cleaning service orlando,0,7,0%,87
airbnb cleaners denver,0,7,0%,91.29
post construction cleaning troy,0,7,0%,92.43
airbnb cleaning park city,0,7,0%,92.71
dental office cleaning eddington,0,7,0%,94.86
maid services fairhope al,0,7,0%,96.29
new year deep cleaning checklist,0,6,0%,2.33
"home sweet clean, cleaning service, muscle shoals",0,6,0%,6.33
"cleaning services, montgomery, alabama, united states",0,6,0%,7.83
house cleaning services athens al,0,6,0%,8
medical and offices cleaning tn,0,6,0%,8.5
what are the best luxury cleaning services available for retail spaces?,0,6,0%,10.33
airbnb turnover services,0,6,0%,11.67
clean slate residential cleaning pricing,0,6,0%,11.83
flexible office cleaning services with after-hours availability,0,6,0%,12.33
house cleaning florence,0,6,0%,12.83
move in cleaning anderson,0,6,0%,13.83
athens office cleaning,0,6,0%,15.5
birmingham cleaning company,0,6,0%,15.83
cleaners madison al,0,6,0%,15.83
time saving cleaning hacks,0,6,0%,18
"cleaning professional in huntsville, madison county",0,6,0%,18.17
office cleaning madison park,0,6,0%,18.17
residential cleaning,0,6,0%,18.5
business cleaning companies near me,0,6,0%,18.67
"fall cleanup mountain brook, al",0,6,0%,19.17
cleaning company in birmingham,0,6,0%,19.67
nashville vrbo cleaners,0,6,0%,19.83
professional cleaners,0,6,0%,20.33
disinfection services,0,6,0%,20.67
cleaning service birmingham al,0,6,0%,21
house cleaning madison park,0,6,0%,21
mountain brook hotel insurance,0,6,0%,26.17
house cleaning hartselle al,0,6,0%,26.33
event cleaning seymour tn,0,6,0%,26.83
short-term rental cleaning in nashville,0,6,0%,27
house+cleaning+service,0,6,0%,29
"local housekeeping services for seniors in huntsville, alabama",0,6,0%,29.83
move out cleaning nashville tn,0,6,0%,29.83
athens house cleaning services,0,6,0%,30.33
cleaning company forest hills tn,0,6,0%,31
house cleaning services in birmingham al,0,6,0%,31.17
house cleaning rates,0,6,0%,32.67
reliable home cleaning service huntsville al,0,6,0%,32.83
airbnb cleaning services wasilla,0,6,0%,33.17
event cleaning knoxville tn,0,6,0%,33.5
huntsville commercial cleaning services,0,6,0%,34.17
birmingham house cleaning,0,6,0%,35.5
reliable house cleaning service huntsville al,0,6,0%,36.83
reliable house cleaning huntsville al,0,6,0%,38
disinfection after events near me,0,6,0%,39.5
carpet and seats wash florence al,0,6,0%,40
deep cleaning birmingham,0,6,0%,41.33
reliable maid cleaning huntsville al,0,6,0%,41.5
commercial cleaning company birmingham al,0,6,0%,42.67
maid service birmingham al,0,6,0%,43.83
"spring cleanups mountain brook, al",0,6,0%,45.17
housekeeping rates,0,6,0%,46.83
turn over airbnb,0,6,0%,49.67
vacation rental cleaner nashville,0,6,0%,51.17
teeth cleaning birmingham al,0,6,0%,51.67
cleaning company nashville tn,0,6,0%,51.83
janitorial cleaning services birmingham al,0,6,0%,55.33
cleaning services in nashville tn,0,6,0%,55.5
property cleaning services nashville tn,0,6,0%,56.83
standard house cleaning rates,0,6,0%,56.83
airbnb cleaners nashville,0,6,0%,58.33
house deep cleaning cost,0,6,0%,58.83
commercial cleaning near nashville,0,6,0%,60.33
event cleanup service near me,0,6,0%,60.83
trusted maid services for airbnb in nashville,0,6,0%,62.83
airbnb cleaner nashville,0,6,0%,63
commercial kitchen cleaning birmingham,0,6,0%,63.17
janitorial cleaning company huntsville al,0,6,0%,65
alabama cleaning services,0,6,0%,66.5
short-term rental cleaning nashville,0,6,0%,67.17
commercial cleaning nashville,0,6,0%,68.5
house cleaning center valley,0,6,0%,70.33
residential cleaning price list,0,6,0%,70.33
drain unblocking services in mountain brook al,0,6,0%,73.33
cleaning prices for homes,0,6,0%,73.67
office cleaning veazie,0,6,0%,75
cost of house cleaning services near me,0,6,0%,78
blood clean up huntsville al,0,6,0%,78.83
event center cleaning services in north little rock ar,0,6,0%,79.5
dental offices cleaning services,0,6,0%,82.33
house cleaning pricing guide 2021,0,6,0%,82.33
renovation cleaning services,0,6,0%,88.33
holiday party cleaning,0,6,0%,90.5
contract cleaning nashville,0,6,0%,92.83
home cleaning services price list,0,6,0%,99.33
average house cleaning cost,0,5,0%,1
post holiday clean up,0,5,0%,1
house cleaning rates per hour near me,0,5,0%,2.4
house cleaning new market al,0,5,0%,2.8
how much for a deep cleaning house,0,5,0%,4
move out cleaning service madison,0,5,0%,4.4
housekeepers near me,0,5,0%,5.6
office cleaning madison,0,5,0%,6
hospital cleaning services nashville,0,5,0%,6.6
service clean,0,5,0%,7
house cleaning point clear al,0,5,0%,7.2
house cleaners in east nashville tn,0,5,0%,8
house cleaning services in east nashville tn,0,5,0%,8
move out cleaning cost,0,5,0%,8.2
green hills cleaners,0,5,0%,8.6
green team cleaning services,0,5,0%,9.6
average cost to clean a house,0,5,0%,10.2
clean cleaning services,0,5,0%,10.6
"team green cleaning, cleaning service",0,5,0%,11.2
cleaning service meridianville al,0,5,0%,11.4
cleaning company madison,0,5,0%,11.6
"house cleaning services, birmingham, alabama, united states",0,5,0%,12.2
house cleaner forest hills tn,0,5,0%,13.4
dental office cleaning services near me,0,5,0%,16
"scents of the south al, business service, sheffield",0,5,0%,16.4
belle mina al blind repair,0,5,0%,16.8
move out cleaning madison,0,5,0%,16.8
belle mina al blinds,0,5,0%,17
hotel cleaning services,0,5,0%,17
house cleaning service near me,0,5,0%,17.8
special event cleaning services,0,5,0%,17.8
maid service hartselle al,0,5,0%,18
house cleaning meridianville al,0,5,0%,19
cleaning companies,0,5,0%,19.8
recurring cleaning anderson,0,5,0%,20.4
warehouse cleaning services hoover al,0,5,0%,20.4
move in cleaning,0,5,0%,20.6
house cleaning services anderson,0,5,0%,21
cleaning services germantown,0,5,0%,21.6
cleaning specialists green hill tn,0,5,0%,21.6
full house cleaning service green hill tn,0,5,0%,22.6
decatur cleaning services,0,5,0%,23.2
house cleaning crossroads,0,5,0%,23.8