Name,Email,Phone,City,Rating,Reviews,Niche
Dynamic Dentistry Of The Shoals,info@dynamicdentistryshoals.com,+1 256-320-2150,Muscle Shoals,5.0,1126.0,Medical Clinic
Dynamic Dentistry Of The Shoals,info@dynamicshoals.com,+1 256-320-2150,Muscle Shoals,5.0,1126.0,Medical Clinic
Singing River Dentistry - Muscle Shoals,support@weomedia.com,+1 256-712-3186,Muscle Shoals,4.9,878.0,Medical Clinic
Singing River Dentistry - Muscle Shoals,info@weomedia.com,+1 256-712-3186,Muscle Shoals,4.9,878.0,Medical Clinic
Connell Dentistry,keithconnelldmd@gmail.com,+1 256-383-5770,Muscle Shoals,5.0,48.0,Medical Clinic
"Ryerson & Associates, DMD",drryerson@aol.com,+1 256-381-2100,Muscle Shoals,4.8,369.0,Medical Clinic
Family Health Care Clinic,cakponwei@famhealthcare.org,+1 256-247-3154,Rogersville,3.5,6.0,Medical Clinic
Family Health Care Clinic,miaclark@familyhealthcareclinic.com,+1 256-247-3154,Rogersville,3.5,6.0,Medical Clinic
Family Health Care Clinic,joyg41@yahoo.com,+1 256-247-3154,Rogersville,3.5,6.0,Medical Clinic
Rogersville Family Care,randy@alhnet.org,+1 256-262-6060,Rogersville,3.1,17.0,Medical Clinic
Rogersville Family Care,amandac@alhnet.org,+1 256-262-6060,Rogersville,3.1,17.0,Medical Clinic
Rogersville Family Care,felicial@alhnet.org,+1 256-262-6060,Rogersville,3.1,17.0,Medical Clinic
Treehouse Children's Dentistry- Tuscumbia,erindavis@singingriverdentistry.net,+1 256-320-5778,Tuscumbia,5.0,995.0,Medical Clinic
Treehouse Children's Dentistry- Tuscumbia,srdon5th@singingriverdentistry.com,+1 256-320-5778,Tuscumbia,5.0,995.0,Medical Clinic
Hamilton Family Urgent Care,killenclinic@hamiltonfamilyurgentcare.com,+1 256-284-7706,Killen,4.3,31.0,Medical Clinic
Hamilton Family Urgent Care,businessoffice@hamiltonfamilyurgentcare.com,+1 256-284-7706,Killen,4.3,31.0,Medical Clinic
Killen Urgent Care,killenurgentcare@gmail.com,+1 256-272-5328,Killen,3.6,39.0,Medical Clinic
Express Care of the Shoals,talktous@expresscareshoals.com,+1 256-386-7774,Tuscumbia,4.0,49.0,Medical Clinic
Shoals Primary Care LLC,b.skipworth@yahoo.com,+1 256-383-4473,Tuscumbia,2.1,9.0,Medical Clinic
Shoals Primary Care LLC,ahaithcoat@gmail.com,+1 256-383-4473,Tuscumbia,2.1,9.0,Medical Clinic
Shoals Primary Care LLC,hxxxk@shoalsprimarycarellc.com,+1 256-383-4473,Tuscumbia,2.1,9.0,Medical Clinic
Medical Associates Of The Shoals PC,clair.whitlock@medshoals.com,+1 256-383-4447,Sheffield,3.9,69.0,Medical Clinic
Medical Associates Of The Shoals PC,danielle.mcdeavitt@medshoals.com,+1 256-383-4447,Sheffield,3.9,69.0,Medical Clinic
Medical Associates Of The Shoals PC,talktous@medshoals.com,+1 256-383-4447,Sheffield,3.9,69.0,Medical Clinic
Huntsville Hospital Urgent Care - Muscle Shoals,amy_thomas@chs.net,+1 256-826-1001,Muscle Shoals,4.6,941.0,Medical Clinic
Huntsville Hospital Urgent Care - Muscle Shoals,joel.larru@yahoo.com,+1 256-826-1001,Muscle Shoals,4.6,941.0,Medical Clinic
Huntsville Hospital Urgent Care - Muscle Shoals,tsdent@bellsouth.net,+1 256-826-1001,Muscle Shoals,4.6,941.0,Medical Clinic
Shoals Family Clinic,team@latofonts.com,+1 256-678-8892,Muscle Shoals,5.0,98.0,Medical Clinic
Shoals Family Clinic,info@shoalsfamilyclinic.com,+1 256-678-8892,Muscle Shoals,5.0,98.0,Medical Clinic
Shoals Family Clinic,info@indiantypefoundry.com,+1 256-678-8892,Muscle Shoals,5.0,98.0,Medical Clinic
Tennessee River Urgent Care,hello@rfuenzalida.com,+1 256-320-7365,Sheffield,3.9,49.0,Medical Clinic
Tennessee River Urgent Care,matt@pixelspread.com,+1 256-320-7365,Sheffield,3.9,49.0,Medical Clinic
Tennessee River Urgent Care,tennesseeriverurgentcare@gmail.com,+1 256-320-7365,Sheffield,3.9,49.0,Medical Clinic
North Alabama Primary Care,privacy.inquiries@lifepointhealth.net,+1 256-980-6203,Muscle Shoals,4.6,9.0,Medical Clinic
North Alabama Primary Care,practice.interopapi@lpnt.net,+1 256-980-6203,Muscle Shoals,4.6,9.0,Medical Clinic
North Alabama Primary Care,bholloway@shoalshospital.com,+1 256-980-6203,Muscle Shoals,4.6,9.0,Medical Clinic
Tennessee Valley Pediatrics - Main Office -TVP,tnvalleypeds@pedstvp.com,+1 256-381-6963,Tuscumbia,3.3,41.0,Medical Clinic
Shoals Area CBOC,christine.brando@va.gov,+1 256-381-9055,Sheffield,3.4,19.0,Medical Clinic
Shoals Area CBOC,stan.crumpton@va.gov,+1 256-381-9055,Sheffield,3.4,19.0,Medical Clinic
Shoals Area CBOC,wayne.chiu@va.gov,+1 256-381-9055,Sheffield,3.4,19.0,Medical Clinic
Avalon Urgent Care,avalonmedicalcenter@gmail.com,+1 256-383-7007,Muscle Shoals,4.8,16.0,Medical Clinic
Colbert County Health Department,darwinajohnson@adph.state.us.al,+1 256-383-1231,Sheffield,4.5,13.0,Medical Clinic
Colbert County Health Department,joe.lee@adph.state.al.us,+1 256-383-1231,Sheffield,4.5,13.0,Medical Clinic
Colbert County Health Department,linda.hines@adph.state.al.us,+1 256-383-1231,Sheffield,4.5,13.0,Medical Clinic
"Keller Ear, Nose and Throat",lt.oden@live.com,+1 256-381-6673,Sheffield,4.8,90.0,Medical Clinic
"Keller Ear, Nose and Throat",ehjtg136@aol.com,+1 256-381-6673,Sheffield,4.8,90.0,Medical Clinic
"Keller Ear, Nose and Throat",bkbroadfoot@gmail.com,+1 256-381-6673,Sheffield,4.8,90.0,Medical Clinic
True Family Healthcare,dalsup@lhcare.com,+1 256-383-6070,Muscle Shoals,3.0,2.0,Medical Clinic
P4 Physical Therapy,donnie.smith@p4physicaltherapy.com,+1 256-826-5200,Tuscumbia,5.0,322.0,Medical Clinic
P4 Physical Therapy,jonesvalleyoffice@p4physicaltherapy.com,+1 256-826-5200,Tuscumbia,5.0,322.0,Medical Clinic
P4 Physical Therapy,roxanne.stmartin@p4physicaltherapy.com,+1 256-826-5200,Tuscumbia,5.0,322.0,Medical Clinic
Southern Infusion,southerninfusional@gmail.com,+1 256-627-3163,Tuscumbia,5.0,1.0,Medical Clinic
Shoals Hospital,shannon.barber@namccares.com,+1 256-768-8323,Muscle Shoals,3.8,156.0,Medical Clinic
Shoals Hospital,complaint@jcaho.org,+1 256-768-8323,Muscle Shoals,3.8,156.0,Medical Clinic
Shoals Hospital,lpnt.interopapi@lpnt.net,+1 256-768-8323,Muscle Shoals,3.8,156.0,Medical Clinic
Oral & Facial Surgery Of The Shoals LLC - Sheffield,ofss@comcast.net,+1 256-383-1499,Sheffield,4.8,642.0,Medical Clinic
Central Park Dentistry Sheffield,cpdsheffield@gmail.com,+1 641-892-4898,Sheffield,4.9,69.0,Medical Clinic
Hickory Hills Dental Care,smile@hickoryhillsdentalcare.com,+1 256-766-8800,Florence,4.8,496.0,Medical Clinic
Hickory Hills Dental Care,montra@hickoryhillsdentalcare.com,+1 256-766-8800,Florence,4.8,496.0,Medical Clinic
Hickory Hills Dental Care,info@hickoryhillsdentalcare.com,+1 256-766-8800,Florence,4.8,496.0,Medical Clinic
Johnson and Mahan Dental Care,jmdentalcare@gmail.com,+1 256-766-3260,Florence,4.9,423.0,Medical Clinic
Johnson and Mahan Dental Care,johnsonmahanom@mb2dental.com,+1 256-766-3260,Florence,4.9,423.0,Medical Clinic
Emergency Dentist 24/7,tim@emergencydentalmn.com,+1 866-601-7601,Florence,2.0,4.0,Medical Clinic
Emergency Dentist 24/7,springs@emergencydental.com,+1 866-601-7601,Florence,2.0,4.0,Medical Clinic
Emergency Dentist 24/7,csantanni@yahoo.com,+1 866-601-7601,Florence,2.0,4.0,Medical Clinic
Signature Smile,info@marqueedental.com,+1 256-767-6453,Florence,4.8,232.0,Medical Clinic
Signature Smile,florencemgr@marqueedental.com,+1 256-767-6453,Florence,4.8,232.0,Medical Clinic
"Aspen Dental - Florence, AL",jed.vess@dentalwhale.com,+1 256-712-3500,Florence,4.0,314.0,Medical Clinic
"Aspen Dental - Florence, AL",cmullett@aspendental.com,+1 256-712-3500,Florence,4.0,314.0,Medical Clinic
"Aspen Dental - Florence, AL",karen.tarzon@uscellular.com,+1 256-712-3500,Florence,4.0,314.0,Medical Clinic
Griffin Family Dentistry,griffindental@att.net,+1 256-764-4533,Florence,5.0,28.0,Medical Clinic
Griffin Family Dentistry,john@drrygriffin.com,+1 256-764-4533,Florence,5.0,28.0,Medical Clinic
Renaissance Dental,eroden35@gmail.com,+1 256-764-1062,Florence,4.6,38.0,Medical Clinic
Cypress Creek Dental - Dr. Whitney Flippo,shabbir@cypresscreeksmiles.com,+1 256-766-2606,Florence,5.0,2.0,Medical Clinic
Cypress Creek Dental - Dr. Whitney Flippo,luzak700@gmail.com,+1 256-766-2606,Florence,5.0,2.0,Medical Clinic
Cypress Creek Dental - Dr. Whitney Flippo,pcboybk6903@go.com,+1 256-766-2606,Florence,5.0,2.0,Medical Clinic
Coker Cosmetic & Family Dentistry,cokerdentistry@gmail.com,+1 256-767-7600,Florence,4.6,45.0,Medical Clinic
"Russ Dentistry, LLC",russdentistry@gmail.com,+1 256-764-6677,Florence,4.9,111.0,Medical Clinic
Sexton Dental Clinic Inc.,dirtytj2004@yahoo.com,+1 843-662-2543,Florence,3.4,626.0,Medical Clinic
Sexton Dental Clinic Inc.,jason@sextondental.net,+1 843-662-2543,Florence,3.4,626.0,Medical Clinic
Sexton Dental Clinic Inc.,ebenn@sextondental.net,+1 843-662-2543,Florence,3.4,626.0,Medical Clinic
Smith & Smith Endodontics,info@carefund.com,+1 256-767-1882,Florence,4.8,288.0,Medical Clinic
Smith & Smith Endodontics,info@smithandsmithendodontics.com,+1 256-767-1882,Florence,4.8,288.0,Medical Clinic
Wear Smiles- Dr. Josh Wear DMD and Dr. Ken Hibbett DMD,contact@wearsmilesdental.com,+1 256-766-4236,Florence,4.6,11.0,Medical Clinic
Morris D Lee MD,hpyatt@florenceoms.com,+1 256-712-5096,Florence,5.0,11.0,Medical Clinic
Morris D Lee MD,hjohnso@florenceoms.com,+1 256-712-5096,Florence,5.0,11.0,Medical Clinic
Morris D Lee MD,acampbe@florenceoms.com,+1 256-712-5096,Florence,5.0,11.0,Medical Clinic
Shoals Orthodontics,ruiters@accesscomm.ca,+1 256-767-0809,Florence,4.4,22.0,Medical Clinic
Shoals Orthodontics,info@shoalsorthodontics.com,+1 256-767-0809,Florence,4.4,22.0,Medical Clinic
"Merritt, David H Dr",f.peterman@pediatricdentalclinic.com,+1 256-766-0270,Florence,3.9,11.0,Medical Clinic
"Merritt, David H Dr",t.cottles@pediatricdentalclinic.com,+1 256-766-0270,Florence,3.9,11.0,Medical Clinic
"Merritt, David H Dr",thepediatricdentalclinic@gmail.com,+1 256-766-0270,Florence,3.9,11.0,Medical Clinic
"Wilbanks Dental - Matthew N. Wilbanks, D.M.D., P.C.",matt@wilbanksdental.com,+1 256-764-5761,Florence,5.0,5.0,Medical Clinic
Sheffield (Florence) VA Outpatient Clinic,asakom@u.washington.edu,+1 256-381-9055,Sheffield,4.2,5.0,Medical Clinic
Sheffield (Florence) VA Outpatient Clinic,bhargp@u.washington.edu,+1 256-381-9055,Sheffield,4.2,5.0,Medical Clinic
Sheffield (Florence) VA Outpatient Clinic,ROSA.MEADORS@VA.GOV,+1 256-381-9055,Sheffield,4.2,5.0,Medical Clinic
Public Health Area 1,dale.mcqurter@adph.state.al.us,+1 256-383-1231,Sheffield,3.7,6.0,Medical Clinic
Public Health Area 1,jbollinger@adph.state.al.us,+1 256-383-1231,Sheffield,3.7,6.0,Medical Clinic
Public Health Area 1,karen.supek-ferris@adph.state.al.us,+1 256-383-1231,Sheffield,3.7,6.0,Medical Clinic
"Surgical Associates of the Shoals, PC",surgicalassociatesoftheshoals@gmail.com,+1 256-386-1125,Sheffield,5.0,13.0,Medical Clinic
Rheumatology Associates-N Al,ajaleel@rana-hsv.org,+1 256-767-6263,Sheffield,4.7,122.0,Medical Clinic
Rheumatology Associates-N Al,hsvoffice@rana-hsv.org,+1 256-767-6263,Sheffield,4.7,122.0,Medical Clinic
Rheumatology Associates-N Al,florenceoffice@rana-hsv.org,+1 256-767-6263,Sheffield,4.7,122.0,Medical Clinic
Dr. Charles Thompson,john@denteldoc.com,+1 256-288-3333,Sheffield,5.0,3.0,Medical Clinic
Dr. Charles Thompson,info@weence.com,+1 256-288-3333,Sheffield,5.0,3.0,Medical Clinic
Dr. Charles Thompson,pets2266@yahoo.com,+1 256-288-3333,Sheffield,5.0,3.0,Medical Clinic
"Shoals Urological Associates, PC",michael.yordy@shoalschamber.com,+1 256-381-5510,Sheffield,3.6,45.0,Medical Clinic
"Shoals Urological Associates, PC",myordy@shoalschamber.com,+1 256-381-5510,Sheffield,3.6,45.0,Medical Clinic
"Shoals Urological Associates, PC",ckeeton@shoalschamber.com,+1 256-381-5510,Sheffield,3.6,45.0,Medical Clinic
"Healogics, LLC",steve.alexandre@yahoo.com,+1 256-386-9961,Sheffield,5.0,1.0,Medical Clinic
"Healogics, LLC",salexandre@gopco.com,+1 256-386-9961,Sheffield,5.0,1.0,Medical Clinic
Parker Family Medicine and Metabolic Health,info@parkermedicalweightloss.com,+1 256-386-0808,Muscle Shoals,3.9,12.0,Medical Clinic
"North Alabama Bone and Joint Clinic, PC",shelder.md@gmail.com,+1 256-900-8552,Muscle Shoals,4.9,462.0,Medical Clinic
"North Alabama Bone and Joint Clinic, PC",mgallien@nabjc.com,+1 256-900-8552,Muscle Shoals,4.9,462.0,Medical Clinic
"North Alabama Bone and Joint Clinic, PC",mal18@ibm.net,+1 256-900-8552,Muscle Shoals,4.9,462.0,Medical Clinic
"Genesis Medical Detox of the Shoals — Muscle Shoals, Alabama",info@genesisdetoxatpulaski.com,+1 844-895-0537,Muscle Shoals,4.6,24.0,Medical Clinic
"Genesis Medical Detox of the Shoals — Muscle Shoals, Alabama",info@genesismedicaldetox.com,+1 844-895-0537,Muscle Shoals,4.6,24.0,Medical Clinic
Shoals Medical Massage Therapy,Cfitzg6505@aol.Com,+1 256-200-9431,Muscle Shoals,5.0,17.0,Medical Clinic
Shoals Medical Massage Therapy,Gjc3839@aol.Com,+1 256-200-9431,Muscle Shoals,5.0,17.0,Medical Clinic
Shoals Medical Massage Therapy,Studwld@aol.Com,+1 256-200-9431,Muscle Shoals,5.0,17.0,Medical Clinic
Integrated Behavioral Health,qrbridgette.clemmons96@yahoo.com,+1 256-320-7475,Muscle Shoals,4.4,362.0,Medical Clinic
Integrated Behavioral Health,ahanback@ibhus.com,+1 256-320-7475,Muscle Shoals,4.4,362.0,Medical Clinic
Integrated Behavioral Health,dboley@ibhus.com,+1 256-320-7475,Muscle Shoals,4.4,362.0,Medical Clinic
Quad Cities Pediatrics,regina@quadcitiespeds.com,+1 256-826-1800,Muscle Shoals,4.7,73.0,Medical Clinic
North Alabama Medical Center,macarton@namccares.com,+1 256-629-1000,Florence,4.1,1691.0,Medical Clinic
North Alabama Medical Center,gilbert.humbert@namccares.com,+1 256-629-1000,Florence,4.1,1691.0,Medical Clinic
North Alabama Medical Center,alisa.robinson@namccares.com,+1 256-629-1000,Florence,4.1,1691.0,Medical Clinic
Heart Health Center,mcampob@hearthealthcenterpc.com,+1 256-766-8570,Muscle Shoals,3.2,32.0,Medical Clinic
Heart Health Center,atoh@hearthealthcenterpc.com,+1 256-766-8570,Muscle Shoals,3.2,32.0,Medical Clinic
Heart Health Center,mberlin@hearthealthcenterpc.com,+1 256-766-8570,Muscle Shoals,3.2,32.0,Medical Clinic
Med Plus,feedback@medplus-florence.com,+1 256-767-2702,Florence,3.6,88.0,Medical Clinic
Wellness Walk-in Clinic,wellnesswalkin@gmail.com,+1 256-275-3724,Florence,4.3,51.0,Medical Clinic
Medical Associates Urgent Care,tholland@medshoals.com,+1 256-415-4005,Florence,4.3,50.0,Medical Clinic
Medical Associates Urgent Care,tara.campbell@medshoals.com,+1 256-415-4005,Florence,4.3,50.0,Medical Clinic
SINGING RIVER HEALTHCARE,info@singingriverhc.com,+1 256-767-1779,Florence,3.7,15.0,Medical Clinic
SINGING RIVER HEALTHCARE,david@singingriverhc.com,+1 256-767-1779,Florence,3.7,15.0,Medical Clinic
SINGING RIVER HEALTHCARE,chrisy@singingriverhc.com,+1 256-767-1779,Florence,3.7,15.0,Medical Clinic
Florence Medical Associates,john@florencemedicalassociates.com,+1 256-760-4544,Florence,3.8,18.0,Medical Clinic
Express Med,john@expressmedonline.com,+1 256-760-1655,Florence,3.1,80.0,Medical Clinic
Express Med,contact@expressmedonline.com,+1 256-760-1655,Florence,3.1,80.0,Medical Clinic
Express Med,es.newton@expressmedonline.com,+1 256-760-1655,Florence,3.1,80.0,Medical Clinic
Bowling Family Medical Clinic,bowlingfamilymedical@gmail.com,+1 256-585-6234,Florence,5.0,3.0,Medical Clinic
Bowling Family Medical Clinic,kbowlingcrnp@gmail.com,+1 256-585-6234,Florence,5.0,3.0,Medical Clinic
North Alabama Animal Hospital + Pet Resort,t.youngblood@northalabamavet.com,+1 256-383-2626,Sheffield,4.9,583.0,Medical Clinic
North Alabama Animal Hospital + Pet Resort,naah406@bellsouth.net,+1 256-383-2626,Sheffield,4.9,583.0,Medical Clinic
Dental Associates of Rogersville,frontdesk@dentalassociatesna.com,+1 256-247-1000,Rogersville,4.9,314.0,Medical Clinic
Dental Associates of Rogersville,hello@clerri.com,+1 256-247-1000,Rogersville,4.9,314.0,Medical Clinic
Dental Associates of Rogersville,rogers@dentalassociatesna.com,+1 256-247-1000,Rogersville,4.9,314.0,Medical Clinic
Pediatric Dentistry of Florence,info@pediatricdentistryofflorence.com,+1 256-766-0270,Florence,4.9,158.0,Medical Clinic
Lane Periodontics & Implants,info@laneperio.com,+1 256-760-8000,Florence,5.0,258.0,Medical Clinic
Greenhill Family Dentistry,info@greenhillfamilydentistry.com,+1 256-757-5850,Florence,3.9,36.0,Medical Clinic
Florence Ophthalmology,mkevingray@yahoo.com,+1 256-760-1771,Florence,4.9,303.0,Medical Clinic
Florence Ophthalmology,pkeiththompson@yahoo.com,+1 256-760-1771,Florence,4.9,303.0,Medical Clinic
Florence Ophthalmology,office@florenceophthalmology.com,+1 256-760-1771,Florence,4.9,303.0,Medical Clinic
Renaissance Eye Care,office@renaissanceeyecare.com,+1 256-767-5000,Florence,4.9,843.0,Medical Clinic
Shoals Pediatric Group,shoalspediatricgroup@gmail.com,+1 256-766-3983,Florence,4.5,48.0,Medical Clinic
Guardian Insurance Group,info@guardiangroupins.com,+1 256-994-3339,Florence,4.9,74.0,Medical Clinic
Fisher Animal Hospital,fisherah121@gmail.com,+1 256-766-0343,Florence,4.5,351.0,Medical Clinic
Alabama Health Guidance- Medicare Insurance Specialists,purenergy100@yahoo.com,+1 256-648-5710,Florence,4.7,29.0,Medical Clinic
Alabama Health Guidance- Medicare Insurance Specialists,karen5005@msn.com,+1 256-648-5710,Florence,4.7,29.0,Medical Clinic
Alabama Health Guidance- Medicare Insurance Specialists,info@themedicareladies.com,+1 256-648-5710,Florence,4.7,29.0,Medical Clinic
"Rogersville Dental Center, Dr. Brent Cornette, DMD",rogersvilledental@gmail.com,+1 423-272-5353,Rogersville,4.7,50.0,Medical Clinic
"Dr. Mark E. Love, DMD",srdmuscleshoals@singingriverdentistry.net,+1 256-332-6888,Muscle Shoals,5.0,5.0,Medical Clinic
"Dr. Mark E. Love, DMD",athens@singingriverdentistry.net,+1 256-332-6888,Muscle Shoals,5.0,5.0,Medical Clinic
Hudson Orthodontics,orthorus@aol.com,+1 256-383-8736,Muscle Shoals,,,Medical Clinic
Hudson Orthodontics,connie@bracesbyhudson.com,+1 256-383-8736,Muscle Shoals,,,Medical Clinic
Alabama MRI,swilde@splinternetmarketing.com,+1 256-386-4571,Sheffield,4.0,1.0,Dialysis Center
Alabama MRI,rventura@splinternetmarketing.com,+1 256-386-4571,Sheffield,4.0,1.0,Dialysis Center
Alabama MRI,rklapper@splinternetmarketing.com,+1 256-386-4571,Sheffield,4.0,1.0,Dialysis Center
Imperial Imaging Technology: Northwest Alabama Regional Office,aaron@imperialimaging.net,+1 256-766-5562,Florence,4.5,2.0,Dialysis Center
Stork's Secret,kelli@storkssecret.com,+1 256-415-6876,Killen,5.0,18.0,Dialysis Center
Stork's Secret,copyright@x.com,+1 256-415-6876,Killen,5.0,18.0,Dialysis Center
Outpatient Diagnostic Center,odcal@oiarad.com,+1 256-534-5600,Decatur,4.9,603.0,Dialysis Center
Outpatient Diagnostic Center,cmiles@oiarad.com,+1 256-534-5600,Decatur,4.9,603.0,Dialysis Center
CereScan,john.kelley@mcdata.com,+1 866-722-4806,Sheffield,,,Dialysis Center
CereScan,steve.warnecke@evolgen.net,+1 866-722-4806,Sheffield,,,Dialysis Center
CereScan,radams@cerescan.com,+1 866-722-4806,Sheffield,,,Dialysis Center
DaVita Sheffield Dialysis,bkogan@devita.com,+1 833-355-2617,Sheffield,5.0,1.0,Dialysis Center
DaVita Sheffield Dialysis,lladoe@devita.com,+1 833-355-2617,Sheffield,5.0,1.0,Dialysis Center
DaVita Sheffield Dialysis,VMEYER@DAVITA.COM,+1 833-355-2617,Sheffield,5.0,1.0,Dialysis Center
"Dialysis Clinic, Inc.",wesleyheidelberg@gmail.com,+1 256-974-1400,Moulton,4.3,3.0,Dialysis Center
"Dialysis Clinic, Inc.",dididavis28@yahoo.com,+1 256-974-1400,Moulton,4.3,3.0,Dialysis Center
"Dialysis Clinic, Inc.",LARRY.BRAUER@DCIINC.ORG,+1 256-974-1400,Moulton,4.3,3.0,Dialysis Center
FRESENIUS KIDNEY CARE DECATUR,privacy@fmc-na.com,+1 800-881-5101,Decatur,3.7,3.0,Dialysis Center
FRESENIUS KIDNEY CARE DECATUR,accessibility@fmc-na.com,+1 800-881-5101,Decatur,3.7,3.0,Dialysis Center
FRESENIUS KIDNEY CARE DECATUR,copyright@fmc-na.com,+1 800-881-5101,Decatur,3.7,3.0,Dialysis Center
Quest Diagnostics,info@packhealth.com,+1 256-904-1500,Florence,4.0,4.0,Dialysis Center
Quest Diagnostics,info@questdiagnostics.com,+1 256-904-1500,Florence,4.0,4.0,Dialysis Center
Quest Diagnostics,support@questdiagnostics.com,+1 256-904-1500,Florence,4.0,4.0,Dialysis Center
Clearview Cancer Institute,barbarag@ccihsv.com,+1 256-760-0422,Florence,4.2,32.0,Dialysis Center
Clearview Cancer Institute,terri@ccihsv.com,+1 256-760-0422,Florence,4.2,32.0,Dialysis Center
Clearview Cancer Institute,jamielkoch@gmail.com,+1 256-760-0422,Florence,4.2,32.0,Dialysis Center
Lauderdale Radiology Group,contact@lauderdaleradiology.com,+1 256-768-8168,Florence,2.3,3.0,Dialysis Center
Quest Diagnostics Florence Blvd,Pearsona@questdiagnostics.Com,+1 256-740-0900,Florence,3.0,6.0,Dialysis Center
Quest Diagnostics Florence Blvd,Reinbold-cartermda@questdiagnostics.Com,+1 256-740-0900,Florence,3.0,6.0,Dialysis Center
Quest Diagnostics Florence Blvd,Levinea@questdiagnostics.Com,+1 256-740-0900,Florence,3.0,6.0,Dialysis Center
McLeod Medical Plaza Radiology & Diagnostic Services,lady_of_spain@yahoo.com,+1 843-777-2095,Florence,2.3,6.0,Dialysis Center
McLeod Medical Plaza Radiology & Diagnostic Services,lady_of_spain@cs.com,+1 843-777-2095,Florence,2.3,6.0,Dialysis Center
McLeod Medical Plaza Radiology & Diagnostic Services,gwendelyn.elliott@grandstrandmed.com,+1 843-777-2095,Florence,2.3,6.0,Dialysis Center
Alliance Cancer Care Radiation Oncology,jtatum@alliancehealthcareservices-us.com,+1 256-760-1150,Florence,5.0,7.0,Dialysis Center
Alliance Cancer Care Radiation Oncology,john@alliancecancercare.com,+1 256-760-1150,Florence,5.0,7.0,Dialysis Center
Shoals Kidney & Hypertension Center,shoalskidney@comcast.net,+1 256-766-1401,Florence,3.3,,Dialysis Center
Shoals Kidney & Hypertension Center,info@shoalskidneycenter.com,+1 256-766-1401,Florence,3.3,,Dialysis Center
Killen Church of Christ,kchurchofchrist@bellsouth.net,+1 256-757-2918,Killen,4.6,27.0,Church
Killen Methodist Church,shaelindsey@killengmc.com,+1 256-757-2148,Killen,4.9,21.0,Church
Killen Methodist Church,joshclayton@killengmc.com,+1 256-757-2148,Killen,4.9,21.0,Church
Killen Methodist Church,killenmethodist@gmail.com,+1 256-757-2148,Killen,4.9,21.0,Church
First Baptist Killen,davidmckelvey@firstbaptistkillen.org,+1 256-757-5334,Killen,4.6,32.0,Church
First Baptist Killen,david@firstbaptistkillen.org,+1 256-757-5334,Killen,4.6,32.0,Church
First Baptist Killen,phillip@firstbaptistkillen.org,+1 256-757-5334,Killen,4.6,32.0,Church
Pleasant Valley Church of Christ,pvcofc@gmail.com,+1 256-757-5550,Killen,4.9,12.0,Church
First Baptist Church Center Star,info@fbccs.net,+1 256-757-1310,Killen,4.5,27.0,Church
Atlas Church of Christ,miles@atlaschurchofchrist.com,+1 256-757-2972,Killen,4.8,13.0,Church
Atlas Church of Christ,rhonda@atlaschurchofchrist.com,+1 256-757-2972,Killen,4.8,13.0,Church
Center Star Church of Christ,centerstarcoc@gmail.com,,Killen,5.0,4.0,Church
Friendship Baptist Church,dewayne@cypressrealty.net,+1 256-757-1373,Killen,5.0,6.0,Church
Greenhill UPC,greenhillupc@gmail.com,,Killen,5.0,8.0,Church
Lauderdale Christian Nursing,jfreed@lcnh.org,+1 256-757-2103,Killen,4.9,48.0,Church
Lauderdale Christian Nursing,gritter@lcnh.org,+1 256-757-2103,Killen,4.9,48.0,Church
Lauderdale Christian Nursing,pmalino@lcnh.org,+1 256-757-2103,Killen,4.9,48.0,Church
Milners Chapel,milnerschapel@gmail.com,,Killen,4.8,4.0,Church
Church of the Highlands,faith.varona@highlandsministries.com,+1 205-980-5577,Florence,4.8,84.0,Church
Church of the Highlands,ray.martin@highlandsministries.com,+1 205-980-5577,Florence,4.8,84.0,Church
Church of the Highlands,ian.baranski@highlandsministries.com,+1 205-980-5577,Florence,4.8,84.0,Church
Florence First Assembly Of God,pat@florence1st.com,+1 256-764-0565,Florence,4.7,47.0,Church
Florence First Assembly Of God,matthew@florence1st.com,+1 256-764-0565,Florence,4.7,47.0,Church
Calvary Baptist Church,neil@discovercalvary.com,+1 256-332-2804,Russellville,4.9,23.0,Church
Russellville First Baptist Church,chase@rfbclife.com,+1 256-332-2065,Russellville,4.3,16.0,Church
Good Shepherd Catholic Parish,denis.meier@goodshepherdinc.com,+1 256-332-4861,Russellville,4.8,58.0,Church
Russellville Church of Christ,info@russellvillechurchofchrist.com,+1 256-668-8005,Russellville,5.0,3.0,Church
Cedars Church,cedarschurchal@gmail.com,,Russellville,4.9,8.0,Church
Cedars Church,ithall14@gmail.com,,Russellville,4.9,8.0,Church
Russellville First Methodist Church,secretary@russellvillemethodist.org,+1 256-332-2955,Russellville,4.8,8.0,Church
The Church of Jesus Christ of Latter-day Saints,stretchsuba@hotmail.com,+1 731-434-2796,Russellville,4.8,13.0,Church
The Church of Jesus Christ of Latter-day Saints,info@bautistamaranatha.org,+1 731-434-2796,Russellville,4.8,13.0,Church
The Church of Jesus Christ of Latter-day Saints,urdanetastake@comm.churchofjesuschrist.org,+1 731-434-2796,Russellville,4.8,13.0,Church
North Highlands Church of Christ,cadepressnell@yahoo.com,+1 256-332-3315,Russellville,4.8,13.0,Church
North Highlands Church of Christ,dclement@rutility.com,+1 256-332-3315,Russellville,4.8,13.0,Church
North Highlands Church of Christ,mspillers70@gmail.com,+1 256-332-3315,Russellville,4.8,13.0,Church
Eastside Church of Christ,eastsidechurch243@gmail.com,+1 256-436-5567,Russellville,4.7,3.0,Church
Southside Baptist Church,support@ssbcrussellville.com,+1 256-332-4326,Russellville,3.8,6.0,Church
Tharptown Baptist Church,edward@tharptown.com,+1 256-332-0063,Russellville,4.0,10.0,Church
Tharptown Baptist Church,gregory@tharptown.com,+1 256-332-0063,Russellville,4.0,10.0,Church
Tharptown Baptist Church,scott@tharptown.com,+1 256-332-0063,Russellville,4.0,10.0,Church
First Free Will Baptist Church,john@ffwbcrussellville.com,+1 256-398-8810,Russellville,,,Church
First Free Will Baptist Church,dvanwashington@yahoo.com,+1 256-398-8810,Russellville,,,Church
Arbol De Vida,iglesia@arboldevida.org,+1 256-324-8934,Russellville,5.0,3.0,Church
Rogersville Church of Christ,abayes@rogersvillecoc.org,+1 256-247-3422,Rogersville,4.0,16.0,Church
Rogersville Church of Christ,amont@rogersvillecoc.org,+1 256-247-3422,Rogersville,4.0,16.0,Church
Rogersville Church of Christ,ngilb@rogersvillecoc.org,+1 256-247-3422,Rogersville,4.0,16.0,Church
First Baptist Church Rogersville,info@fbcrogersville.com,+1 256-247-5351,Rogersville,4.9,11.0,Church
First Baptist Church Rogersville,dakeyesguys@bellsouth.net,+1 256-247-5351,Rogersville,4.9,11.0,Church
First Baptist Church Rogersville,djduke@juno.com,+1 256-247-5351,Rogersville,4.9,11.0,Church
Rogersville United Methodist,c.worley@rogersvilleumc.org,+1 256-247-3307,Rogersville,4.9,13.0,Church
Rogersville United Methodist,children@rogersvilleumc.org,+1 256-247-3307,Rogersville,4.9,13.0,Church
Rogersville United Methodist,hisservant@rogersvilleumc.org,+1 256-247-3307,Rogersville,4.9,13.0,Church
Crossroads Baptist Church,crossroadsbcelginal@gmail.com,+1 256-406-9744,Rogersville,4.3,11.0,Church
Rogersville Baptist Church,contact@rogersvillebaptistchurch.org,+1 256-607-3113,Rogersville,,,Church
Oliver Church of Christ,oliverchurch80@gmail.com,+1 256-607-3080,Rogersville,4.5,2.0,Church
Church of God Sabbath Assembly,samuel@sabbathlunchhour.com,+1 256-559-4442,Rogersville,5.0,1.0,Church
Elgin Missionary Baptist Church,family@elginmbc.org,+1 256-633-2255,Rogersville,5.0,4.0,Church
Lifesong Church,socialmedia.lifesong@gmail.com,+1 256-248-4814,Sheffield,4.9,20.0,Church
First Missionary Baptist Church Sheffield,fbgod@comcast.net,+1 256-383-9442,Sheffield,4.7,18.0,Church
Shoals Church of the Way,pastor@shoalschurchoftheway.com,+1 256-389-3850,Sheffield,5.0,7.0,Church
Sheffield Methodist Church,mizliz@sheffieldfumc.com,+1 256-383-2124,Sheffield,4.8,9.0,Church
Sheffield Methodist Church,shane_baker@mac.com,+1 256-383-2124,Sheffield,4.8,9.0,Church
Sheffield Methodist Church,andrewleemills@gmail.com,+1 256-383-2124,Sheffield,4.8,9.0,Church
Launch Point Church,info@launchpointchurch.com,+1 256-335-1193,Tuscumbia,4.9,29.0,Church
Launch Point Church,mikenoles@launchpointchurch.com,+1 256-335-1193,Tuscumbia,4.9,29.0,Church
Faith Church - Shoals,dholley@igotofaith.com,+1 256-767-4124,Tuscumbia,4.7,22.0,Church
Faith Church - Shoals,fcoffice@igotofaith.com,+1 256-767-4124,Tuscumbia,4.7,22.0,Church
Our Lady of the Shoals Catholic Church,d.forsythe@bhmdiocese.org,+1 256-383-7207,Tuscumbia,4.6,40.0,Church
Our Lady of the Shoals Catholic Church,d.forsythe@ourladyoftheshoals.org,+1 256-383-7207,Tuscumbia,4.6,40.0,Church
Our Lady of the Shoals Catholic Church,wdclawson@yahoo.com,+1 256-383-7207,Tuscumbia,4.6,40.0,Church
Tuscumbia Church of Christ,jonvandegrift@yahoo.com,+1 256-381-0651,Tuscumbia,4.4,21.0,Church
Tuscumbia Church of Christ,j.abrams@tuscumbiachurchofchrist.org,+1 256-381-0651,Tuscumbia,4.4,21.0,Church
Tuscumbia Church of Christ,office@tuscumbiachurchofchrist.com,+1 256-381-0651,Tuscumbia,4.4,21.0,Church
Calvary Baptist Church,john@calvarybaptisttuscumbia.com,+1 256-383-1853,Tuscumbia,4.1,18.0,Church
Valley Grove Baptist Church,amy.kimbrough@valleygrove.com,+1 256-381-1662,Tuscumbia,5.0,20.0,Church
Tuscumbia First Methodist Church (A Global Methodist Congregation),office@tuscumbiafmc.org,+1 256-383-2853,Tuscumbia,4.9,14.0,Church
Parkview Baptist Church,jim.cummings@parkviewfamily.org,+1 256-383-5022,Tuscumbia,4.6,27.0,Church
Parkview Baptist Church,info@parkviewfamily.org,+1 256-383-5022,Tuscumbia,4.6,27.0,Church
Parkview Baptist Church,natalie@parkviewfamily.org,+1 256-383-5022,Tuscumbia,4.6,27.0,Church
First Missionary Baptist Church,davisshawjr@gmail.com,+1 256-383-8818,Tuscumbia,4.9,12.0,Church
First Presbyterian Church,tuscumbiapres@gmail.com,+1 256-383-2412,Tuscumbia,4.6,8.0,Church
Westside Baptist Church,wbctuscumbia@gmail.com,+1 256-383-4702,Tuscumbia,4.7,6.0,Church
First Baptist Church,sbuergey@firstbaptistsf.org,+1 256-383-1515,Tuscumbia,4.6,9.0,Church
First Baptist Church,dlombard-sims@firstbaptistsf.org,+1 256-383-1515,Tuscumbia,4.6,9.0,Church
First Baptist Church,cmusser@firstbaptistsf.org,+1 256-383-1515,Tuscumbia,4.6,9.0,Church
First Baptist Church Colbert Heights,m.sams@firstcolbertheights.com,+1 256-383-8016,Tuscumbia,4.8,20.0,Church
First Baptist Church Colbert Heights,msams@firstcolbertheights.com,+1 256-383-8016,Tuscumbia,4.8,20.0,Church
First Baptist Church Colbert Heights,s.hood@firstcolbertheights.com,+1 256-383-8016,Tuscumbia,4.8,20.0,Church
Colbert Heights Church-Christ,jtwalker1229@gmail.com,+1 256-381-4540,Tuscumbia,5.0,2.0,Church
South Highland Church,southhighlandchurch@gmail.com,+1 256-381-1817,Muscle Shoals,4.7,14.0,Church
Grace Life Church of the Shoals,smcalister@gracelifeshoals.org,+1 256-381-7495,Muscle Shoals,4.5,48.0,Church
Living Word Community,eben@eyebytes.com,+1 256-320-7679,Tuscumbia,4.7,3.0,Church
Valdosta Church of Christ,valdostachurchofchrist@gmail.com,+1 256-381-0331,Tuscumbia,4.4,9.0,Church
Tuscumbia Church,tuscumbiachurch@gmail.com,,Booneville,5.0,8.0,Church
Highland Park Church of Christ,hpchurchoffice@gmail.com,+1 256-381-8311,Muscle Shoals,4.9,27.0,Church
Highland Park Church of Christ,0um71473qde79gfutsnjfa8al0@group.calendar.google.com,+1 256-381-8311,Muscle Shoals,4.9,27.0,Church
Kingdom Hall of Jehovah's Witnesses--Sheffield & Tuscumbia,djuneak@juno.com,+1 256-386-7093,Tuscumbia,4.8,16.0,Church
Kingdom Hall of Jehovah's Witnesses--Sheffield & Tuscumbia,tlq2@juno.com,+1 256-386-7093,Tuscumbia,4.8,16.0,Church
Kingdom Hall of Jehovah's Witnesses--Sheffield & Tuscumbia,kaygee1012@yahoo.com,+1 256-386-7093,Tuscumbia,4.8,16.0,Church
Ekklesia Missionary Baptist,info@iamekklesia.org,+1 256-314-1700,Sheffield,4.4,19.0,Church
First Southern Baptist Church,jerry@strongholdsministry.com,+1 256-383-3081,Muscle Shoals,4.5,4.0,Church
First Southern Baptist Church,jerryreajn330@gmail.com,+1 256-383-3081,Muscle Shoals,4.5,4.0,Church
Woodward Avenue Baptist Church,will@woodwardavenuebaptist.org,+1 256-383-4078,Muscle Shoals,4.7,14.0,Church
Woodward Avenue Baptist Church,c.hagle@woodwardavenuebaptist.org,+1 256-383-4078,Muscle Shoals,4.7,14.0,Church
Woodward Avenue Baptist Church,info@woodwardavenuebaptist.org,+1 256-383-4078,Muscle Shoals,4.7,14.0,Church
Muscle Shoals Church of God,muscleshoalschurchofgod@mail.com,+1 256-383-7914,Muscle Shoals,4.4,5.0,Church
Spring Valley Baptist Church,nashj@mlhs.org,+1 256-381-2068,Tuscumbia,,,Church
Spring Valley Baptist Church,johnnynantz@yahoo.com,+1 256-381-2068,Tuscumbia,,,Church
Florence Boulevard Church of Christ,c.kemp@florenceblvd.org,+1 256-766-3617,Florence,5.0,22.0,Church
Florence Boulevard Church of Christ,broome@florenceblvd.org,+1 256-766-3617,Florence,5.0,22.0,Church
Ransomed Community Church,ben@ransomedcommunitychurch.com,,Florence,4.9,42.0,Church
Ransomed Community Church,admin@ransomedcommunitychurch.com,,Florence,4.9,42.0,Church
Ransomed Community Church,justin@ransomedcommunitychurch.com,,Florence,4.9,42.0,Church
The Well Church Florence,britton@churchattheoaks.com,+1 256-207-8077,Florence,4.3,4.0,Church
The Well Church Florence,christian@wellchurchnetwork.com,+1 256-207-8077,Florence,4.3,4.0,Church
The Well Church Florence,allen@wellchurchnetwork.com,+1 256-207-8077,Florence,4.3,4.0,Church
Florence First United Methodist,ed@fumcflorence.org,+1 256-764-5072,Florence,4.5,29.0,Church
Florence First United Methodist,fumcflo@fumcflorence.org,+1 256-764-5072,Florence,4.5,29.0,Church
Florence First United Methodist,kay@fumcflorence.org,+1 256-764-5072,Florence,4.5,29.0,Church
Grace House,gracehouseflorenceal@gmail.com,+1 256-246-8070,Florence,4.8,40.0,Church
Christ Chapel,info@wearechapel.com,+1 256-767-1080,Florence,5.0,64.0,Church
Christ Chapel,hello@wearechapel.org,+1 256-767-1080,Florence,5.0,64.0,Church
Christ Chapel,info@wearechapel.org,+1 256-767-1080,Florence,5.0,64.0,Church
Father's House,thefathershouseflorence@gmail.com,+1 256-766-0404,Florence,5.0,26.0,Church
Lee Heights Baptist Church,info@leeheights.org,+1 256-766-5421,Florence,4.8,17.0,Church
FIRST BAPTIST CHURCH,dmcgee@fbcflorence.com,+1 256-764-4921,Florence,4.8,12.0,Church
FIRST BAPTIST CHURCH,fbcflo@fbcflorence.com,+1 256-764-4921,Florence,4.8,12.0,Church
Church of the Good Shepherd,office@gslcflorence.com,+1 256-766-6952,Florence,4.5,4.0,Church
Woodmont Baptist Church,lilc@woodmontbaptist.com,+1 256-766-1255,Florence,4.9,74.0,Church
Woodmont Baptist Church,nburbank1@comcast.net,+1 256-766-1255,Florence,4.9,74.0,Church
Woodmont Baptist Church,bdaugherty@woodmontbaptist.org,+1 256-766-1255,Florence,4.9,74.0,Church
First Christian Church,c.gebhardt@firstchristianflorence.org,+1 256-764-2192,Florence,3.7,3.0,Church
First Christian Church,firstchristianc1@bellsouth.net,+1 256-764-2192,Florence,3.7,3.0,Church
First Christian Church,firstchristianflorence@outlook.com,+1 256-764-2192,Florence,3.7,3.0,Church
First Presbyterian Church,churchoffice1818@bellsouth.net,+1 256-764-2081,Florence,4.4,22.0,Church
First Presbyterian Church,r.gillespie@firstpresflorence.org,+1 256-764-2081,Florence,4.4,22.0,Church
First Presbyterian Church,office@fpcflorence.org,+1 256-764-2081,Florence,4.4,22.0,Church
St. Joseph Catholic Church,frjoseph@stjosephflorence.org,+1 256-764-3303,Florence,4.9,44.0,Church
Woodlawn Church of Christ,shoalscreekbiblestudies@gmail.com,+1 256-767-3170,Florence,4.6,24.0,Church
Woodlawn Church of Christ,woodlawncofc@gmail.com,+1 256-767-3170,Florence,4.6,24.0,Church
Magnolia Church of Christ,jrbgriffin@gmail.com,+1 256-767-6776,Florence,4.9,22.0,Church
Magnolia Church of Christ,engineering@monkdevelopment.com,+1 256-767-6776,Florence,4.9,22.0,Church
Magnolia Church of Christ,office@magnoliashoals.church,+1 256-767-6776,Florence,4.9,22.0,Church
Wood Avenue Church of Christ,brian@woodavenue.com,+1 256-764-9642,Florence,4.4,9.0,Church
Wood Avenue Church of Christ,mstutts@woodavenue.com,+1 256-764-9642,Florence,4.4,9.0,Church
Jackson Heights Church of Christ,jarrett@jhcc.org,+1 256-764-6291,Florence,4.8,9.0,Church
Jackson Heights Church of Christ,p69t5li5s4pc3724vhu69gqfjg@group.calendar.google.com,+1 256-764-6291,Florence,4.8,9.0,Church
Jackson Heights Church of Christ,office@jhcc.org,+1 256-764-6291,Florence,4.8,9.0,Church
Highland Baptist Church,jaugustson@highlandchurch.net,+1 256-764-1392,Florence,4.8,36.0,Church
Highland Baptist Church,beth@highlandchurch.net,+1 256-764-1392,Florence,4.8,36.0,Church
Highland Baptist Church,dsteckler@highland-bc.org,+1 256-764-1392,Florence,4.8,36.0,Church
Grace Bible Church,k.pope@gbcshoals.com,+1 256-760-9700,Florence,5.0,7.0,Church
Grace Bible Church,gbc@gbcshoals.com,+1 256-760-9700,Florence,5.0,7.0,Church
Grace Bible Church,information@gbcshoals.com,+1 256-760-9700,Florence,5.0,7.0,Church
Our Redeemer Lutheran Church,support@webador.com,+1 256-764-3902,Florence,4.7,14.0,Church
Our Redeemer Lutheran Church,info@our-redeemer-lutheran-church.com,+1 256-764-3902,Florence,4.7,14.0,Church
Cross Point Church of Christ,sara@crosspointcoc.org,+1 256-764-4073,Florence,4.7,89.0,Church
Cross Point Church of Christ,ashley@crosspointcoc.org,+1 256-764-4073,Florence,4.7,89.0,Church
Cross Point Church of Christ,chase@crosspointcoc.org,+1 256-764-4073,Florence,4.7,89.0,Church
Pentecostals of Florence,gdaniel9@icloud.com,,Florence,5.0,7.0,Church
Cornerstone Church Of Christ,info@cornerstoneflorence.org,+1 256-764-0803,Florence,4.5,14.0,Church
Victory Christian Fellowship Church,support@victoryyes.org,+1 256-767-1749,Florence,4.1,11.0,Church
Shiloh Church of Christ,shiloh2605@gmail.com,+1 256-757-2456,Florence,4.7,20.0,Church
Salem Church of Christ,salemcoc@aol.com,+1 256-764-9339,Florence,4.4,21.0,Church
Stony Point church of Christ,stonypointchurchofchrist@comcast.net,+1 256-764-8856,Florence,4.9,17.0,Church
Eastwood Church of Christ,info@eastwoodcoc.org,+1 256-766-4514,Florence,5.0,2.0,Church
Sherrod Avenue Church of Christ,0249d837-a78c-e7f2-63d8932a21e4d224@sherrodavenue.org,+1 256-764-3253,Florence,4.5,33.0,Church
Sherrod Avenue Church of Christ,024c7b61-f843-b21b-737ff80be66cb161@sherrodavenue.org,+1 256-764-3253,Florence,4.5,33.0,Church
Mt Moriah PB Church,mtmoriahflorence@gmail.com,+1 256-764-0701,Florence,4.3,15.0,Church
St Mark Baptist Church,stmark2771@yahoo.com,+1 256-766-2771,Florence,4.6,9.0,Church
St Mark Baptist Church,bishopdrwillboyd@gmail.com,+1 256-766-2771,Florence,4.6,9.0,Church
Chisholm Hills Church-Christ,c.abernathy@chisholmhillschurch.com,+1 256-764-0104,Florence,4.8,12.0,Church
Chisholm Hills Church-Christ,chisholmhills@gmail.com,+1 256-764-0104,Florence,4.8,12.0,Church
First Free Will Baptist Church,bromike45@gmail.com,+1 256-764-3591,Florence,5.0,2.0,Church
First Free Will Baptist Church,servers@cloversites.com,+1 256-764-3591,Florence,5.0,2.0,Church
Eastside Church of Christ,j.gray@eastsidecofc.net,+1 256-766-2803,Florence,3.4,5.0,Church
Eastside Church of Christ,jgray@eastside-church.org,+1 256-766-2803,Florence,3.4,5.0,Church
Trinity Episcopal Church,sheilashelton@trinityflorence.org,+1 256-764-6149,Florence,4.1,24.0,Church
Trinity Episcopal Church,episcopal.una@gmail.com,+1 256-764-6149,Florence,4.1,24.0,Church
Trinity Episcopal Church,catschiesz@aol.com,+1 256-764-6149,Florence,4.1,24.0,Church
Redemption Shoals,info@redemptionshoals.com,+1 256-383-0394,Muscle Shoals,4.7,54.0,Church
Redemption Shoals,ipruitt@redemptionshoals.com,+1 256-383-0394,Muscle Shoals,4.7,54.0,Church
Redemption Shoals,jwood@redemptionshoals.com,+1 256-383-0394,Muscle Shoals,4.7,54.0,Church
Muscle Shoals Church of Sound,mshoalscos2021@gmail.com,+1 256-688-7502,Sheffield,4.9,,Church
Jerusalén Spanish SDA,jerusalensonido7@gmail.com,,Muscle Shoals,5.0,5.0,Church
Jerusalén Spanish SDA,dmca@adventistconnect.org,,Muscle Shoals,5.0,5.0,Church
Redemption Ministries,info@redemptionministry.org,+1 256-248-0017,Muscle Shoals,,,Church
Cox Boulevard Church of Christ,l.kilpatrick@coxblvd.org,+1 256-383-1618,Sheffield,4.9,31.0,Church
Cox Boulevard Church of Christ,coxb.calendar@gmail.com,+1 256-383-1618,Sheffield,4.9,31.0,Church
Cox Boulevard Church of Christ,secretary@coxblvd.org,+1 256-383-1618,Sheffield,4.9,31.0,Church
