postAtSpecificTime,text,link,imageUrls,videoUrls,mediaOptimized,instagramPostType,short,story,video,reel,followUpComment,youtubeTitle,tiktokDuetStitch,pinterestTitle,pinterestLink,googleBusinessProfileType,communityPostTitle,communityNotifyMembers
2026/04/07 09:00:00,"One year ago, we had nothing.

Todd broke his leg so badly he was airlifted. Five months without walking. I was surprise-laid off from my corporate job. We had a 10-month-old baby. We'd just moved to family land two weeks before the accident тАФ boxes still unpacked.

We started The Valley Clean Team with less than $5,000.

No bank loans. No investors. No safety net. Just the internet, our brains, and the will to make it work.

Today? We're projecting $250,000 in our first full calendar year. We have 13 incredible providers covering all of North Alabama. And we're just getting started.

If you're sitting on an idea and waiting for the ""right time"" тАФ this is your sign. There's no perfect time. Build the airplane while you fly it. тЬИя╕П

Thank you to everyone who has supported us this year тАФ our clients, our providers, our family, and our community. We couldn't have done this without you. ЁЯЩП

#ValleyCleanTeam #SmallBusiness #NorthAlabama #Entrepreneurship",https://thevalleycleanteam.com,https://assets.cdn.filesafe.space/iKQIBhpKVL2XVPgU7HMd/media/69cd2edb2a8b881968e08b1f.png,,true,,,,,,,,,,,,
2026/04/08 11:00:00,"Last Veterans Day, we gave away a free cleaning to honor a veteran in our community.

The response was incredible. Real stories from real families about heroes who served our country.

My father was a Vietnam veteran. When those men and women came home, they weren't welcomed тАФ they were spit on.

So whenever I see someone wearing a Vietnam veteran hat in Walmart, I don't say ""thank you for your service."" I say:

""Welcome home.""

It's something many of them never heard. And it means more than you know.

We're proud to serve those who served us. ЁЯЗ║ЁЯЗ╕

#Veterans #GivingBack #Community #ValleyCleanTeam",https://thevalleycleanteam.com,,,,,,,,,,,,,,,,
2026/04/09 09:00:00,"Here's something most cleaning companies won't tell you:

Industry standard pay for house cleaners? $10/hour.

Our model? 50/50 split. Our providers consistently earn more than we do after expenses.

Why? Because cleaning is HARD. Go mop 5,000 square feet of hardwood floor and tell me it's not.

These are skilled professionals with attention to detail, time management, and heart. The fact that society doesn't value them the way they should doesn't mean WE won't.

When you book with The Valley Clean Team, you're supporting a company that puts its providers first. Every time. ЁЯТЪ

#ValleyCleanTeam #FairPay #SmallBusiness #NorthAlabama",https://thevalleycleanteam.com,https://assets.cdn.filesafe.space/iKQIBhpKVL2XVPgU7HMd/media/69cd2eda281591e6fce32485.png,,true,,,,,,,,,,,,
2026/04/10 12:00:00,"Things that matter to us that you might not even think about:

тЬЕ We don't schedule residential cleans after a certain time тАФ we respect your evening
тЬЕ We never clean in the dark тАФ you can't clean what you can't see
тЬЕ We track arrival times so you're never left wondering ""where are they?""
тЬЕ We're not the cable guy тАФ when we say 9 AM, we mean 9 AM
тЬЕ Every clean follows a consistent checklist from start to finish

Your home is your space. We treat it like ours. ЁЯПб

Book your clean today тЖТ thevalleycleanteam.com

#ValleyCleanTeam #HouseCleaning #NorthAlabama #TrustWorthy",https://thevalleycleanteam.com,,,,,,,,,,,,,,,,
2026/04/11 09:00:00,"Money can't buy you happiness.

But it CAN buy you time.

Time to go to the soccer game. Time to cook dinner without stress. Time to sit on the couch and breathe.

When a dad calls us and says ""Please help my wife тАФ we both work full-time, we have four kids, and we just can't get the laundry done""тАж

That's not a cleaning job. That's giving a family their time back. тП░

You don't have to do it all. And you don't have to feel bad about asking for help.

ЁЯТЪ The Valley Clean Team тАФ Giving you back what matters most.

#ValleyCleanTeam #BuyTime #WorkingParents #NorthAlabama",https://thevalleycleanteam.com,https://assets.cdn.filesafe.space/iKQIBhpKVL2XVPgU7HMd/media/69cd2eda87c93bca5b728d98.png,,true,,,,,,,,,,,,
2026/04/14 09:00:00,"""Deep clean"" means something different to every person.

That's exactly why we built a detailed checklist into our booking process.

From the initial sale тЖТ to the walk-through тЖТ to every room in your home тЖТ to the final check-off.

Consistency is what built our business. Consistency is what will grow it.

When you book with us, you know exactly what you're getting. No surprises. No guesswork. Just a clean home, every single time. тЬЕ

Book now тЖТ thevalleycleanteam.com

#ValleyCleanTeam #DeepClean #Consistency #NorthAlabama",https://thevalleycleanteam.com,,,,,,,,,,,,,,,,
2026/04/15 10:00:00,"Hey mama. This one's for you. ЁЯл╢

I know you think you should be able to do it all. Keep the house spotless. Work full-time. Get the kids to practice. Make dinner. Be everything for everyone.

I'm a mom too. And I learned the hard way: you can do a lot of things, but you can't do ALL the things.

It's okay to ask for help. It's okay to come home to a clean house that someone else cleaned. It's okay to choose the soccer game over the mop.

You're not failing. You're prioritizing.

And that's exactly what makes you a great mom. ЁЯТЪ

тАФ Christen, co-owner of The Valley Clean Team

#ValleyCleanTeam #MomLife #WorkingMom #ItsOkay #NorthAlabama",https://thevalleycleanteam.com,,,,,,,,,,,,,,,,
2026/04/16 11:00:00,"People ask us: ""How do you find good cleaners?""

The truth? Sometimes we BUILD them. ЁЯФи

We've developed an on-the-job training program where I (Christen) personally work alongside new providers. Side by side. Room by room.

Not everyone comes to us with professional cleaning experience. But if they have the right heart, we can teach the skills.

Because you can teach someone to clean a bathroom. You can't teach someone to care. тЭдя╕П

Interested in joining our team? Visit thevalleycleanteam.com

#ValleyCleanTeam #NowHiring #TeamBuilding #NorthAlabama",https://thevalleycleanteam.com,https://assets.cdn.filesafe.space/iKQIBhpKVL2XVPgU7HMd/media/69cd2eda899e533a9b5e7807.png,,true,,,,,,,,,,,,
2026/04/17 14:00:00,"Fun fact about The Valley Clean Team:

Todd is an Alabama fan. ЁЯРШ
Christen is an Auburn fan. ЁЯРЕ

They call it a ""mixed marriage"" in Alabama. ЁЯШВ

But somehow they've managed to build a business together, raise a daughter, and only argue about footballтАж most of the time.

Happy Friday, North Alabama! Who are you rooting for this weekend? ЁЯПИ

#ValleyCleanTeam #FunFactFriday #Alabama #Auburn #MixedMarriage #NorthAlabama",https://thevalleycleanteam.com,,,,,,,,,,,,,,,,
2026/04/21 09:00:00,"ONE YEAR of The Valley Clean Team. ЁЯОЙ

To our very first customer тАФ thank you for taking a chance on us. (Yes, you're getting a free month of cleaning. You earned it.)

To our providers тАФ thank you for trusting us when we were brand new and unproven. You ARE this company.

To our families тАФ thank you for the garbage cans hauled to the road, the snacks delivered, the babysitting, and the endless support.

To our community тАФ thank you for choosing local. Thank you for your reviews, your referrals, and your kind words.

We started with nothing but a broken leg, a baby, and a dream. And you helped us build something real.

Here's to year two. We're just getting started. ЁЯЪА

#ValleyCleanTeam #OneYear #Anniversary #ThankYou #NorthAlabama",https://thevalleycleanteam.com,,,,,,,,,,,,,,,,
2026/04/07 12:00:00,"How We Built a $250K Business With Less Than $5,000

ЁЯПе August 2022: Todd breaks his leg. Airlifted. Can't walk for 5 months.
ЁЯС╢ October 2022: Christen is surprise-laid off. 10-month-old at home. Zero income.
ЁЯТб The Pivot: ""All I had was time, a remote, and a brain."" Found Cody Sanchez on YouTube. Researched boring businesses.
ЁЯЪА What $5K bought us: LLC registration, BookingKoala, Canva branding, domain, phone system.
ЁЯУИ Year One Results: $250K revenue, 13 providers, all of North Alabama covered.

There is no perfect time to start. Build the airplane while you fly it. тЬИя╕П

One year ago we had a broken leg, a baby, and zero dollars. Today we're a $250K cleaning business. This is the real story тАФ no sugarcoating, no guru advice, just two people who were forced to figure it out. The best time to start was yesterday. The second best time is now. ЁЯТЪ

#SmallBusiness #Entrepreneurship #CleaningBusiness #StartupStory #NorthAlabama #BuildTheAirplane #ValleyCleanTeam",https://thevalleycleanteam.com,https://assets.cdn.filesafe.space/iKQIBhpKVL2XVPgU7HMd/media/69cd2edb2a8b881968e08b1f.png,,true,Post,,,,,,,,,,,,
2026/04/09 12:00:00,"Perfectionism is the enemy of progress. When we started our business, we couldn't afford a graphic designer, a copywriter, or a fancy website. So I opened Canva and made things myself. I wrote every word of copy on our website.

Was it perfect? No.
Did it work? Absolutely.

Stop waiting for everything to be ""ready."" Ship it. Learn. Improve. Repeat.

""Good enough is better than nothing. We'll fix it later.""

#DoneIsBetterThanPerfect #SmallBusinessTips #Entrepreneurship #StartBeforeYoureReady #ValleyCleanTeam",https://thevalleycleanteam.com,https://assets.cdn.filesafe.space/iKQIBhpKVL2XVPgU7HMd/media/69cd2edb2a8b882be1e08b17.png,,true,Post,,,,,,,,,,,,
2026/04/11 12:00:00,"A dad called us last week. Four kids. Both parents working full-time. He said: ""Please help my wife. We just can't get it all done.""

We didn't just clean their house. We gave them their evening back. Their weekend back. Their peace of mind back.

This is why we do what we do. Not for the revenue. For the stories like this one.

ЁЯТЪ The Valley Clean Team тАФ Because you deserve to come home and breathe.

DM us or visit the link in bio to book your first clean. You don't have to do it all. We promise.

#CleanHome #BusyFamily #WorkingParents #NorthAlabama #ValleyCleanTeam #HouseCleaningService",https://thevalleycleanteam.com,https://assets.cdn.filesafe.space/iKQIBhpKVL2XVPgU7HMd/media/69cd2eda87c93bca5b728d98.png,,true,Post,,,,,,,,,,,,
2026/04/13 10:00:00,"3 Red Flags When Hiring a Cleaning Service ЁЯЪй

тЭМ They give you a quote without asking about your home
тЭМ They offer a ""1тАУ5 PM arrival window"" (We show up at the time we book. Period.)
тЭМ They don't have a checklist or guarantee

Not all cleaning companies are created equal. Here's what to look for тАФ and what to run from. ЁЯПГтАНтЩАя╕П

At The Valley Clean Team, we use a detailed checklist on every single job. We show up on time. And we have a guarantee because we know we're going to deliver.

Are we perfect? No. But we're honest about it тАФ and we'll always make it right. ЁЯТЪ

#CleaningTips #HowToChoose #CleaningService #NorthAlabama #ValleyCleanTeam",https://thevalleycleanteam.com,,,,,Post,,,,,,,,,,,,
2026/04/15 14:00:00,"He's Alabama. I'm Auburn. He's the extrovert. I'm the thinker. He talks to strangers in Walmart about cleaning. I strategize behind the scenes in mom groups.

We're both Type A. We're both driven. And yes тАФ we butt heads. A lot. ЁЯШВ

But that's what makes this partnership work. He sees problems from the front lines. I see them from the bird's-eye view. Together, we cover every angle.

Marriage is hard. Business is hard. Doing both together? Really hard. But also really, really worth it.

This is us. Unfiltered. Still figuring it out. Still grateful. ЁЯТЪ

#CouplesInBusiness #MarriedEntrepreneurs #SmallBusinessLife #RealTalk #ValleyCleanTeam",https://thevalleycleanteam.com,,,,,Post,,,,,,,,,,,,
2026/04/17 09:00:00,"Before we started The Valley Clean Team, we spent 15+ years building businesses for OTHER people. Moving across the country. Missing dinners. Answering work calls at midnight.

When we finally started our own company, we made a promise:

тЖТ Pay people what they're worth
тЖТ Stop at 5 PM
тЖТ Say no to bad clients
тЖТ Put providers before profit
тЖТ Be honest тАФ even when it's hard

It's not perfect. But we can put our heads on the pillow at night knowing we did our best and treated people right.

That's our standard. That's our brand. ЁЯТЪ

""We took everything we hated about the corporate world and said: 'When we do this, we're going to do it differently.'""

#CompanyValues #BusinessEthics #PeopleFirst #CleaningBusiness #ValleyCleanTeam",https://thevalleycleanteam.com,https://assets.cdn.filesafe.space/iKQIBhpKVL2XVPgU7HMd/media/69cd2edaddfdcbd707798f15.png,,true,Post,,,,,,,,,,,,
2026/04/19 10:00:00,"Tired of making $10/hour with no control over your schedule?

Here's what working with The Valley Clean Team looks like:

тЬЕ 50/50 pay split (you earn more than most full-time cleaners)
тЬЕ YOU choose your schedule
тЬЕ YOU choose which jobs to take
тЬЕ We handle marketing, scheduling, billing, and client issues
тЬЕ Real onboarding and training support
тЬЕ A team that actually cares about you

You love to clean. We love to run the boring stuff. Let's be a team. ЁЯТк

Apply at the link in bio or DM us to learn more.

Serving all of North Alabama тАФ Shoals, Huntsville, Decatur, and beyond.

#NowHiring #CleaningJobs #NorthAlabama #JoinOurTeam #ValleyCleanTeam #HouseCleanerJobs",https://thevalleycleanteam.com,https://assets.cdn.filesafe.space/iKQIBhpKVL2XVPgU7HMd/media/69cd2eda899e533a9b5e7807.png,,true,Post,,,,,,,,,,,,
2026/04/20 11:00:00,"One of our providers cleaned a home for a man with dementia. His house was so unsanitary that Social Services wouldn't let him come home from the hospital.

Pest control killed the bugs. But they don't clean up after. (Fun fact: most don't.)

So we went in. On our hands and knees. Through the aftermath.

The pay was minimal. But our provider came back and said six words that remind us why we do this:

""My heart is full for helping this man.""

This business was never just about cleaning houses. It's about cleaning up lives. ЁЯТЪ

#ServingOthers #CommunityFirst #PurposeDriven #ValleyCleanTeam #NorthAlabama",https://thevalleycleanteam.com,https://assets.cdn.filesafe.space/iKQIBhpKVL2XVPgU7HMd/media/69cd2eda76082e6ef3d606f3.png,,true,Post,,,,,,,,,,,,
2026/04/21 14:00:00,"My wife says I have ""golden retriever energy."" ЁЯРХ

I talk to EVERYONE. The guy at Walmart checkout. The lady in the clearance aisle. The paint aisle stranger whose ceiling vents tell me their restaurant needs a deep clean.

Saturday morning, our carpet cleaner couldn't get in because the key person didn't show. I was at Walmart. The checkout guy asked ""how's your morning?""

Most people say ""fine."" I told him the whole story.

20 minutes later, he's asking about our business and telling me about his staffing problems.

Marketing isn't always ads and funnels. Sometimes it's just being a human who gives a real answer to ""how are you?"" ЁЯд╖

#NetworkingTips #GoldenRetrieverEnergy #SmallBusinessMarketing #BeHuman #ValleyCleanTeam",https://thevalleycleanteam.com,,,,,Post,,,,,,,,,,,,
2026/04/22 10:00:00,"Running a cleaning business isn't glamorous. But it IS flexible. And that flexibility means I never miss dinner with my family. That's the real win.

тШАя╕П 8:00 AM тАФ Check the schedule on BookingKoala
ЁЯУ▒ 8:15 AM тАФ Review overnight messages with our VA
ЁЯУЮ 9:00 AM тАФ Tier 2 interviews with potential cleaners
ЁЯПа 10:30 AM тАФ Send provider on their way to first clean
ЁЯУК 12:00 PM тАФ Check KPIs and review reports
ЁЯдЭ 2:00 PM тАФ BNI networking meeting
ЁЯПб 5:00 PM тАФ Switch to Dad mode. Business is closed.
ЁЯСитАНЁЯСйтАНЁЯСз 5:02 PM тАФ If I'm late, I hear about it ЁЯШВ

#DayInTheLife #SmallBusinessOwner #CleaningBusiness #WorkLifeBalance #ValleyCleanTeam",https://thevalleycleanteam.com,,,,,Post,,,,,,,,,,,,
2026/04/08 08:00:00,"In August 2022, I broke my leg so badly I was airlifted. Five months, zero weight-bearing.

Two weeks earlier, we'd just moved into our new home on raw family land. We still had unpacked boxes. My wife was working corporate marketing. We had a 10-month-old.

Then in October, my wife was ""surprise-retired."" Walked in the door with a severance package and a baby on her hip.

Here's what we had:
тЖТ Zero extra cash
тЖТ Zero bank loans
тЖТ Zero industry experience in cleaning
тЖТ Less than $5,000 total

Here's what we did:
тЖТ Incorporated an LLC
тЖТ Built a website on BookingKoala
тЖТ Used Canva for branding
тЖТ Our first customer came in December 2022

One year later: $250,000 in projected revenue. 13 providers. Covering all of North Alabama.

The lesson? There is no perfect time to start. We were literally forced to start.

And I'd tell anyone sitting on the couch right now with a broken leg, a layoff letter, or a mountain of excuses:

You have the internet. You have your brain. You have time. That's enough.

Build the airplane while you fly it. тЬИя╕П

#Entrepreneurship #SmallBusiness #StartupStory #Resilience #CleaningBusiness",https://thevalleycleanteam.com,,,,,,,,,,,,,,,,
2026/04/10 08:00:00,"We turned down a massive corporate account last month.

Not because we couldn't do the work. Because of a contract clause.

They wanted us to sign a general building contractor agreement тАФ making us responsible for things like air filters and porch screens that had nothing to do with our cleaning scope.

The contract was non-negotiable.

So we said no.

Here's what I've learned after running businesses for 15+ years:

тЖТ Every contract is negotiable. If it's not, that's a red flag.
тЖТ If a client is inflexible before you start, they'll be a nightmare within 60 days.
тЖТ Revenue that costs you your integrity isn't revenue тАФ it's a liability.

We don't chase every dollar. We identify the RIGHT clients тАФ partners who respect boundaries, communicate clearly, and value quality.

Sometimes the most profitable word in business is ""No.""

#BusinessBoundaries #ClientManagement #Entrepreneurship #QualityOverQuantity",https://thevalleycleanteam.com,,,,,,,,,,,,,,,,
2026/04/14 08:00:00,"When we started The Valley Clean Team, I expected the hardest part to be finding clients.

It wasn't.

The hardest part was getting our providers to trust us.

They'd come from companies paying $10/hour. No schedule control. No say in which jobs they took. Completely devalued.

So when we told them we do a 50/50 split, that they control their schedule, and that we'd handle all the ""boring stuff"" тАФ marketing, scheduling, client disputesтАж

They didn't believe us.

We had to earn that trust. Week by week. Paycheck by paycheck.

Now our providers make more than we do after expenses. And we're okay with that. Because without them, there is no Valley Clean Team.

One of our cleaners recently helped a man with dementia whose home was so unsanitary he couldn't be discharged from the hospital. The pay was minimal. But she came back and said:

""My heart is full for helping this man.""

That's what happens when you build a company that values its people.

тЖТ Pay them what they're worth
тЖТ Protect their time and safety
тЖТ Listen to their feedback
тЖТ Let them do what they love

They don't work FOR us. They work WITH us.

#Leadership #PeopleFirst #SmallBusiness #CompanyCulture",https://thevalleycleanteam.com,,,,,,,,,,,,,,,,
2026/04/16 08:00:00,"The social media gurus will tell you to ""grind until you bleed.""

We tried that version of success. It broke us.

Not financially. Physically. Emotionally. Relationally.

Now we live by a different philosophy: 1% better every day.

тЖТ We went from 28 Google reviews to 36 in two weeks
тЖТ We didn't dump $10K into a marketing campaign тАФ we trained our team to ask
тЖТ We don't measure success by month-over-month revenue spikes тАФ we measure lead inputs daily

The ""hustle culture"" influencers won't tell you this, but:

Willpower can be infinite. Time is not.

You can work 18-hour days and still not move the needle if you're working on the wrong things.

Or you can work 8тАУ5, delegate to trusted people, go home, cook fish tacos with your family, and build something sustainable.

We choose sustainable. Every single day.

#HustleCulture #WorkLifeBalance #Leadership #1PercentBetter",https://thevalleycleanteam.com,,,,,,,,,,,,,,,,
2026/04/18 08:00:00,"The best sales strategy I've ever used costs $0.

I just listen.

When someone calls asking ""how much does it cost?"" тАФ I don't answer. Not in the first 10 seconds.

Because there's always a story:
- ""My dad died and we need to clean the house for the wake.""
- ""We have four kids and both work full-time and we just can't get the laundry done.""
- ""I just moved and I need help.""

If you LISTEN, you don't have to ask awkward qualifying questions. The answers are already there.

тЖТ If they mention moving тЖТ ""That sounds perfect for our move-in/move-out package.""
тЖТ If they mention a recurring struggle тЖТ ""Let's set you up on a regular schedule.""
тЖТ If they sound overwhelmed тЖТ ""That's exactly why we exist.""

The best salespeople aren't talkers. They're listeners who know when to offer the right solution at the right moment.

Stop pitching. Start listening.

#SalesTips #CustomerExperience #SmallBusiness #Entrepreneurship",https://thevalleycleanteam.com,,,,,,,,,,,,,,,,
2026/04/08 10:00:00,"The $100 Marketing Move That Every Realtor Needs to Know (TVCT Hack)

Looking to grow your local service business? Discover the simple $100 marketing move that landed Todd and Christen their first major realtor referral. This is the TVCT hack that changed everything.

#NorthAlabama #RealtorMarketing #TVCT #LocalBusiness #HomeServices",,,https://assets.cdn.filesafe.space/iKQIBhpKVL2XVPgU7HMd/media/69cd47d64ee1429efc165296.mp4,TRUE,,TRUE,TRUE,TRUE,TRUE,,The $100 Marketing Move That Every Realtor Needs to Know (TVCT Hack),,,,,,
2026/04/09 10:00:00,"The Dirty Secret of the Cleaning Industry: Why We Choose a 50/50 Split

Most companies pay $10/hr Ч we choose to do it differently. Discover the 'Provider First' model that ensures every professional in your home is actually motivated to care about your space.

#CleaningBusiness #Entrepreneurhood #TVCT #LocalEconomy #HuntsvilleAL",,,https://assets.cdn.filesafe.space/iKQIBhpKVL2XVPgU7HMd/media/69cd47d6c3c50cfda464e19d.mp4,TRUE,,TRUE,TRUE,TRUE,TRUE,,Why We Pay Our Cleaning Providers More (The Provider-First Model),,,,,,
2026/04/10 10:00:00,"How We Built a $250K Business From a Couch

A broken leg. A surprise layoff. A 10-month-old baby. Most people would call that a disaster. We called it our 'forced to start.' Discover the power of 'Boring Businesses' in this short reel.

#Entrepreneur #TVCT #HuntsvilleAL #ScalingBusiness #LocalService",,,https://assets.cdn.filesafe.space/iKQIBhpKVL2XVPgU7HMd/media/69cd47d6e94f5fcc66607b0e.mp4,TRUE,,TRUE,TRUE,TRUE,TRUE,,Our Forced To Start: Building TVCT From the Couch,,,,,
2026/04/11 10:00:00,"The TVCT Standard: Why We Don't Just Clean, We Restore

Ever wonder what a professional deep clean actually looks like? From mirrors that shine to baseboards that spark, we take pride in the details. See the TVCT difference in action.

#HomeCleaning #DeepClean #TVCT #HuntsvilleAL #MadisionAL",,,https://assets.cdn.filesafe.space/iKQIBhpKVL2XVPgU7HMd/media/69cd47d6a78e44234eb32c87.mp4,TRUE,,TRUE,TRUE,TRUE,TRUE,,The TVCT Standard: Professional Cleaning In Action,,,,,
2026/04/12 10:00:00,"The Gift of Time: Why Our Clients Love Coming Home to TVCT

There is no feeling like walking through the door and seeing your home restored. We take the burden of cleaning off your shoulders so you can focus on what matters most.

#HomeMaintenance #CleanHome #TVCT #HuntsvilleRealEstate #ShoalsAL",,,https://assets.cdn.filesafe.space/iKQIBhpKVL2XVPgU7HMd/media/69cd47d615928a12e2ae9835.mp4,TRUE,,TRUE,TRUE,TRUE,TRUE,,The TVCT Spotlight: Why Our Clients Trust Us,,,,,
2026/04/13 10:00:00,"Building a Better Community, One Clean Home at a Time

We aren't just a cleaning companyЧwe're your neighbors. We care about North Alabama because we live here. See the faces of TVCT in this behind-the-scenes look.

#LocalBusiness #TVCT #CommunityFirst #NorthAlabama #HuntsvilleAL",,,https://assets.cdn.filesafe.space/iKQIBhpKVL2XVPgU7HMd/media/69cd47d6648ae31ca756d398.mp4,TRUE,,TRUE,TRUE,TRUE,TRUE,,Behind the Scenes at TVCT: Our Commitment to North Alabama,,,,,
2026/04/14 10:00:00,"More Than Just Houses: TVCT Commercial Cleaning

Your workplace should be as clean as your home. We bring the same military-precision and attention to detail to offices and commercial spaces across North Alabama.

#CommercialCleaning #TVCT #OfficeMaintenance #HuntsvilleBusiness #NorthAlabama",,,https://assets.cdn.filesafe.space/iKQIBhpKVL2XVPgU7HMd/media/69cd47a12956897f147773ce.mp4,TRUE,,TRUE,TRUE,TRUE,TRUE,,TVCT Commercial: Elevating Your Workspace Experience,,,,,
2026/04/15 10:00:00,"The 30-Second Reset: A TVCT Cleaning Tip

Life is busy, but home shouldn't be stressful. Here is a quick 30-second tip from our pro team to help you keep your space refreshed between deep cleans.

#CleaningHacks #TVCT #HomeReset #QuickTips #NorthAlabama",,,https://assets.cdn.filesafe.space/iKQIBhpKVL2XVPgU7HMd/media/69cd47a1609ddb9bcbac81ad.mp4,TRUE,,TRUE,TRUE,TRUE,TRUE,,TVCT Pro Tip: The 30-Second Home Reset,,,,,
2026/04/16 10:00:00,"Across the Valley: The TVCT Experience

From Athens to Huntsville and the Shoals, we are proud to serve the families of North Alabama. Thank you for letting us be a part of your home and your community.

#NorthAlabama #TVCT #CommunityService #HuntsvilleAL #ShoalsAL",,,https://assets.cdn.filesafe.space/iKQIBhpKVL2XVPgU7HMd/media/69cd47a1c3c50c515d64dded.mp4,TRUE,,TRUE,TRUE,TRUE,TRUE,,The TVCT Experience: Serving North Alabama with Pride,,,,,
