Market,Keyword,Search Volume,Competition,Priority,Current Rank,Target Rank,Page URL,Notes
Huntsville,cleaning service huntsville al,1600,High,1,,,/locations/huntsville/,Primary keyword - high volume
Huntsville,house cleaning huntsville,880,High,1,,,/locations/huntsville/,Core service keyword
Huntsville,maid service huntsville al,590,Medium,2,,,/locations/huntsville/,Alternative term
Huntsville,deep cleaning huntsville al,210,Low,2,,,/locations/huntsville/deep-cleaning/,Service-specific
Huntsville,move out cleaning huntsville,170,Low,2,,,/locations/huntsville/move-out-cleaning/,High-intent keyword
Huntsville,same day cleaning huntsville,90,Low,3,,,/locations/huntsville/same-day-cleaning/,Emergency service
Huntsville,commercial cleaning huntsville,320,Medium,2,,,/locations/huntsville/commercial-cleaning/,B2B opportunity
Huntsville,office cleaning huntsville al,140,Low,3,,,/locations/huntsville/office-cleaning/,Commercial sub-niche
Huntsville,pet safe cleaning huntsville,50,Very Low,3,,,/locations/huntsville/,Blue ocean - differentiator
Huntsville,recurring cleaning huntsville,40,Very Low,3,,,/locations/huntsville/recurring-maid-service/,Retention keyword
Madison,cleaning service madison al,390,Medium,1,,,/locations/madison/,Primary keyword
Madison,house cleaning madison alabama,210,Low,2,,,/locations/madison/,Core service
Madison,maid service madison al,140,Low,2,,,/locations/madison/,Alternative term
Madison,deep cleaning madison al,50,Very Low,3,,,/locations/madison/deep-cleaning/,Service-specific
Madison,move out cleaning madison al,30,Very Low,3,,,/locations/madison/move-out-cleaning/,High-intent
Madison,recurring cleaning madison,20,Very Low,3,,,/locations/madison/recurring-maid-service/,Retention
Madison,house cleaners near me madison,110,Low,2,,,/locations/madison/,"Near me" variant
Madison,cleaning company madison al,90,Low,2,,,/locations/madison/,Company variant
Madison,weekly cleaning madison al,30,Very Low,3,,,/locations/madison/weekly-cleaning/,Frequency-specific
Madison,pet friendly cleaning madison,20,Very Low,3,,,/locations/madison/,Differentiator
Athens,cleaning service athens al,320,Low,1,,,/locations/athens/,Primary - lower competition market
Athens,house cleaning athens alabama,170,Low,1,,,/locations/athens/,Core service
Athens,maid service athens al,90,Very Low,2,,,/locations/athens/,Alternative term
Athens,deep cleaning athens al,40,Very Low,2,,,/locations/athens/deep-cleaning/,Service-specific
Athens,move out cleaning athens al,30,Very Low,2,,,/locations/athens/move-out-cleaning/,High-intent
Athens,same day cleaning athens,20,Very Low,2,,,/locations/athens/same-day-cleaning/,Differentiator - dominate this
Athens,commercial cleaning athens al,50,Very Low,3,,,/locations/athens/commercial-cleaning/,B2B
Athens,house cleaners athens alabama,70,Very Low,2,,,/locations/athens/,Variant
Athens,recurring cleaning athens,20,Very Low,3,,,/locations/athens/recurring-maid-service/,Retention
Athens,limestone county cleaning service,30,Very Low,2,,,/locations/athens/,County-level
Decatur,cleaning service decatur al,480,Medium,1,,,/locations/decatur/,Primary keyword
Decatur,house cleaning decatur alabama,260,Low,1,,,/locations/decatur/,Core service
Decatur,maid service decatur al,170,Low,2,,,/locations/decatur/,Alternative term
Decatur,deep cleaning decatur al,70,Very Low,2,,,/locations/decatur/deep-cleaning/,Service-specific
Decatur,move out cleaning decatur al,50,Very Low,2,,,/locations/decatur/move-out-cleaning/,High-intent - specialty
Decatur,commercial cleaning decatur,90,Low,2,,,/locations/decatur/commercial-cleaning/,B2B
Decatur,office cleaning decatur al,40,Very Low,3,,,/locations/decatur/office-cleaning/,Commercial sub-niche
Decatur,morgan county cleaning service,30,Very Low,2,,,/locations/decatur/,County-level
Decatur,house cleaners decatur alabama,110,Low,2,,,/locations/decatur/,Variant
Decatur,recurring cleaning decatur,20,Very Low,3,,,/locations/decatur/recurring-maid-service/,Retention
Florence,cleaning service florence al,390,Low,1,,,/locations/florence/,Primary - easier market
Florence,house cleaning florence alabama,210,Low,1,,,/locations/florence/,Core service
Florence,maid service florence al,140,Low,2,,,/locations/florence/,Alternative term
Florence,shoals cleaning service,90,Very Low,1,,,/locations/muscle-shoals/,Regional term - own this
Florence,same day cleaning florence al,30,Very Low,1,,,/locations/florence/same-day-cleaning/,Can dominate 50% pack share
Florence,deep cleaning florence al,50,Very Low,2,,,/locations/florence/deep-cleaning/,Service-specific
Florence,move out cleaning florence al,40,Very Low,2,,,/locations/florence/move-out-cleaning/,High-intent
Florence,historic home cleaning florence,10,Very Low,2,,,/locations/florence/historic-district/,Differentiator - your specialty
Florence,lauderdale county cleaning,20,Very Low,2,,,/locations/florence/,County-level
Florence,commercial cleaning florence al,70,Very Low,2,,,/locations/florence/commercial-cleaning/,B2B
Muscle Shoals,cleaning service muscle shoals,170,Very Low,1,,,/locations/muscle-shoals/,Primary
Muscle Shoals,house cleaning muscle shoals al,90,Very Low,1,,,/locations/muscle-shoals/,Core service
Muscle Shoals,maid service shoals area,50,Very Low,2,,,/locations/muscle-shoals/,Regional variant
Muscle Shoals,cleaning service tuscumbia al,70,Very Low,2,,,/locations/tuscumbia/,Adjacent city
Muscle Shoals,cleaning service sheffield al,50,Very Low,2,,,/locations/muscle-shoals/sheffield/,Adjacent city
Muscle Shoals,quad cities cleaning service,30,Very Low,2,,,/locations/muscle-shoals/,Regional term
Muscle Shoals,colbert county cleaning,20,Very Low,2,,,/locations/muscle-shoals/,County-level
Muscle Shoals,deep cleaning muscle shoals,30,Very Low,2,,,/locations/muscle-shoals/deep-cleaning/,Service-specific
Muscle Shoals,move out cleaning shoals,20,Very Low,2,,,/locations/muscle-shoals/move-out-cleaning/,High-intent
Muscle Shoals,recurring cleaning muscle shoals,10,Very Low,3,,,/locations/muscle-shoals/recurring-maid-service/,Retention
Birmingham,cleaning service birmingham al,2900,Very High,1,,,/locations/birmingham/,High volume - competitive
Birmingham,house cleaning birmingham,1600,High,1,,,/locations/birmingham/,Core service
Birmingham,maid service birmingham al,1000,High,2,,,/locations/birmingham/,Alternative term
Birmingham,deep cleaning birmingham al,320,Medium,2,,,/locations/birmingham/deep-cleaning/,Service-specific
Birmingham,move out cleaning birmingham,210,Medium,2,,,/locations/birmingham/move-out-cleaning/,High-intent
Birmingham,pet safe cleaning birmingham,50,Very Low,2,,,/locations/birmingham/,Blue ocean differentiator
Birmingham,commercial cleaning birmingham,480,Medium,2,,,/locations/birmingham/commercial-cleaning/,B2B
Birmingham,eco friendly cleaning birmingham,70,Low,2,,,/locations/birmingham/green-cleaning/,Differentiator
Birmingham,house cleaners birmingham al,590,Medium,2,,,/locations/birmingham/,Variant
Birmingham,recurring cleaning birmingham,90,Low,3,,,/locations/birmingham/recurring-maid-service/,Retention
Mountain Brook,cleaning service mountain brook,140,Low,1,,,/locations/mountain-brook/,Luxury market
Mountain Brook,house cleaning mountain brook al,90,Low,1,,,/locations/mountain-brook/,Core service
Mountain Brook,maid service mountain brook,50,Very Low,2,,,/locations/mountain-brook/,Alternative term
Mountain Brook,luxury home cleaning mountain brook,30,Very Low,1,,,/locations/mountain-brook/luxury-cleaning/,Premium positioning
Mountain Brook,deep cleaning mountain brook,30,Very Low,2,,,/locations/mountain-brook/deep-cleaning/,Service-specific
Mountain Brook,vestavia hills cleaning service,90,Low,2,,,/locations/birmingham/vestavia-hills/,Adjacent affluent area
Mountain Brook,homewood cleaning service,70,Low,2,,,/locations/birmingham/homewood/,Adjacent area
Mountain Brook,cahaba heights cleaning,40,Very Low,2,,,/locations/birmingham/cahaba-heights/,Adjacent area
Mountain Brook,estate cleaning birmingham,20,Very Low,2,,,/services/estate-cleaning/,Premium service
Mountain Brook,white glove cleaning birmingham,10,Very Low,2,,,/services/white-glove-cleaning/,Premium service
Nashville,cleaning service nashville tn,2900,Very High,1,,,/locations/nashville/,High volume market
Nashville,house cleaning nashville,1900,High,1,,,/locations/nashville/,Core service
Nashville,maid service nashville tn,1300,High,2,,,/locations/nashville/,Alternative term
Nashville,deep cleaning nashville tn,390,Medium,2,,,/locations/nashville/deep-cleaning/,Service-specific
Nashville,move out cleaning nashville,260,Medium,2,,,/locations/nashville/move-out-cleaning/,High-intent
Nashville,non toxic cleaning nashville,50,Very Low,1,,,/locations/nashville/,Blue ocean - no competitors use this
Nashville,pet safe cleaning nashville,40,Very Low,1,,,/locations/nashville/,Blue ocean differentiator
Nashville,airbnb cleaning nashville,210,Medium,2,,,/locations/nashville/airbnb-cleaning/,High demand market
Nashville,belle meade cleaning service,70,Low,2,,,/locations/nashville/belle-meade/,Luxury neighborhood
Nashville,brentwood cleaning service,170,Low,2,,,/locations/nashville/brentwood/,Affluent suburb
